Symbol,Date,Open,High,Low,Close,Volume
AAME,29-Apr-2013,3.52,3.62,3.52,3.55,10000
AAON,29-Apr-2013,12.6533,12.7111,12.4889,12.5289,34000
AAPL,29-Apr-2013,60.0786,61.9457,60,61.4457,22857700
AAWW,29-Apr-2013,37.5,38.57,37.5,37.84,209300
AAXJ,29-Apr-2013,59.52,59.85,59.37,59.68,405500
ABAX,29-Apr-2013,41.4,42.67,41.4,42.43,320800
ABCB,29-Apr-2013,13.89,13.99,13.58,13.78,18600
ABCD,29-Apr-2013,0.95,0.98,0.95,0.97,8300
ABIO,29-Apr-2013,16.59,16.94,15.75,15.89,50900
ABMD,29-Apr-2013,17.96,18.21,17.74,18.13,102700
ACAD,29-Apr-2013,13.5,13.92,13.07,13.19,3559400
ACET,29-Apr-2013,10.35,10.8,10.29,10.54,74800
ACFC,29-Apr-2013,4.99,5.01,4.96,5.01,3300
ACGL,29-Apr-2013,52.73,53.26,52.6,52.95,546800
ACHC,29-Apr-2013,32,32.61,31.84,32.17,282200
ACHN,29-Apr-2013,7.43,7.46,7.25,7.4,585700
ACIW,29-Apr-2013,15.4833,15.5867,15.47,15.4967,146100
ACLS,29-Apr-2013,5.08,5.24,5,5.24,1020200
ACNB,29-Apr-2013,16.5,16.5,16.4,16.4,6300
ACOR,29-Apr-2013,38.92,39.55,38.77,39.27,328700
ACRX,29-Apr-2013,5.98,5.98,5.77,5.9,107100
ACST,29-Apr-2013,23.1,23.9,22.1,23.9,25200
ACTG,29-Apr-2013,23.57,23.73,23.46,23.6,570100
ACWI,29-Apr-2013,51.76,52.11,51.68,52,421100
ACWX,29-Apr-2013,43.76,44.24,43.76,44.19,526000
ACXM,29-Apr-2013,19.25,19.63,19.25,19.56,152500
ADBE,29-Apr-2013,44.89,45.59,44.82,45.06,3499100
ADES,29-Apr-2013,13.1,13.27,13,13.265,24000
ADI,29-Apr-2013,43.6,43.77,43.39,43.66,1548000
ADP,29-Apr-2013,58.3846,59.0431,58.3757,58.9464,889100
ADRA,29-Apr-2013,28.54,28.55,28.48,28.53,4200
ADRD,29-Apr-2013,22.61,22.71,22.61,22.71,700
ADRE,29-Apr-2013,38.57,38.66,38.42,38.6,68100
ADRU,29-Apr-2013,22,22.09,22,22.09,800
ADSK,29-Apr-2013,37.36,38.24,37.25,38.21,1722500
ADTN,29-Apr-2013,20.64,20.87,20.26,20.29,781100
ADUS,29-Apr-2013,12.31,12.44,11.82,11.92,78100
AEGN,29-Apr-2013,21.23,21.37,20.87,21.07,186700
AEHR,29-Apr-2013,1.07,1.1,1.01,1.01,13600
AEIS,29-Apr-2013,18.36,18.81,18.23,18.47,341800
AETI,29-Apr-2013,5.49,5.49,5.49,5.49,300
AEY,29-Apr-2013,2.39,2.4,2.34,2.4,9700
AEZS,29-Apr-2013,180,187,180,185,75900
AFAM,29-Apr-2013,20,20.02,19.61,19.79,12800
AFH,29-Apr-2013,7.27,7.5,7.15,7.28,77400
AFSI,29-Apr-2013,15.795,15.86,15.715,15.775,556100
AGEN,29-Apr-2013,4.77,4.95,4.7,4.93,833900
AGII,29-Apr-2013,40.95,41.33,40.9,41.02,57600
AGIIL,29-Apr-2013,25.39,25.4,25.35,25.39,18900
AGNC,29-Apr-2013,32.71,33.17,32.71,33.17,5241700
AGYS,29-Apr-2013,11.52,11.64,11.38,11.48,18900
AHGP,29-Apr-2013,54.68,55.9,54.05,55.71,123300
AHPI,29-Apr-2013,2.79,2.8,2.67,2.8,600
AIMC,29-Apr-2013,25.47,26.14,25.27,25.96,114000
AINV,29-Apr-2013,8.61,8.73,8.59,8.72,1725600
AIRT,29-Apr-2013,9.19,9.24,9.19,9.24,1300
AKAM,29-Apr-2013,42.4,43.22,42.26,43.03,3209100
AKRX,29-Apr-2013,14.75,15.08,14.71,15.05,303300
ALCO,29-Apr-2013,39.96,40.69,39.96,40.65,9400
ALGN,29-Apr-2013,32.38,32.96,32.23,32.93,828800
ALGT,29-Apr-2013,90.14,90.39,89.35,89.98,87100
ALIM,29-Apr-2013,3,3,2.77,2.91,37000
ALKS,29-Apr-2013,31.48,31.75,30.98,31.16,1062000
ALLT,29-Apr-2013,11.07,11.43,10.95,11.35,336300
ALNY,29-Apr-2013,23.88,24.15,23.62,23.72,159400
ALOG,29-Apr-2013,79.52,79.65,78.99,79.22,17500
ALOT,29-Apr-2013,10.01,10.18,9.99,9.99,8400
ALSK,29-Apr-2013,1.63,1.64,1.61,1.62,147700
ALTR,29-Apr-2013,31.52,31.77,31.16,31.64,3344200
ALXN,29-Apr-2013,99.55,99.58,98.27,98.66,1399000
AMAG,29-Apr-2013,21.97,21.97,21.55,21.68,68100
AMAT,29-Apr-2013,14.16,14.44,14.07,14.4,16446700
AMBA,29-Apr-2013,13.76,14.47,13.75,14.19,727200
AMCN,29-Apr-2013,1.65,1.65,1.5,1.62,96600
AMCX,29-Apr-2013,63.26,63.94,63.06,63.65,254100
AMD,29-Apr-2013,2.66,2.7,2.65,2.68,11207500
AMED,29-Apr-2013,10.27,10.4,10.15,10.2,356500
AMGN,29-Apr-2013,108.25,108.38,106.33,106.67,4293800
AMKR,29-Apr-2013,4.26,4.33,4.22,4.23,1371600
AMNB,29-Apr-2013,21.25,21.46,21.01,21.44,11400
AMOT,29-Apr-2013,7.14,7.14,7.08,7.08,400
AMRB,29-Apr-2013,7.87,7.93,7.55,7.92,119100
AMRN,29-Apr-2013,7.08,7.1,6.85,6.96,3083300
AMRS,29-Apr-2013,41.25,42.45,41.1,41.85,124700
AMSC,29-Apr-2013,25.6,25.7,24.3,24.3,378700
AMSF,29-Apr-2013,32.2,32.61,32.15,32.48,66900
AMSWA,29-Apr-2013,8.13,8.27,8.12,8.26,22200
AMWD,29-Apr-2013,33.34,34.4,33.07,33.36,111800
AMZN,29-Apr-2013,254.9,257.01,249.15,249.74,7118500
ANAT,29-Apr-2013,91.54,92.76,91.37,91.37,7500
ANCB,29-Apr-2013,14.52,14.52,14.52,14.52,0
ANCX,29-Apr-2013,12.23,12.42,12.01,12.32,29300
ANDA,29-Apr-2013,10,10,10,10,0
ANDAU,29-Apr-2013,10.09,10.09,10.09,10.09,0
ANDAW,29-Apr-2013,0.2,0.2,0.2,0.2,0
ANDE,29-Apr-2013,36.1533,36.3867,35.8533,36.2533,68400
ANGI,29-Apr-2013,25.31,25.41,23.84,23.92,1857900
ANGO,29-Apr-2013,10.15,10.17,10.09,10.11,50700
ANIK,29-Apr-2013,12.45,12.76,12.36,12.7,27500
ANSS,29-Apr-2013,77.5,79.31,77.46,78.87,188400
ANTH,29-Apr-2013,37.12,37.76,35.84,36.48,836800
AOSL,29-Apr-2013,8.76,8.84,8.58,8.6,47400
APEI,29-Apr-2013,33.87,33.87,33.56,33.63,162800
APOG,29-Apr-2013,25.5,25.78,25.04,25.23,329100
APRI,29-Apr-2013,26.1,27.4,25.9,26.9,134700
APWC,29-Apr-2013,4.07,4.12,4.01,4.01,4600
ARAY,29-Apr-2013,4.4,4.47,4.36,4.4,404000
ARCC,29-Apr-2013,17.92,18.05,17.86,18.01,2244500
ARCI,29-Apr-2013,1.47,1.48,1.37,1.46,9200
ARCW,29-Apr-2013,2.016,2.016,2.004,2.016,1800
AREX,29-Apr-2013,23,23.77,22.88,23.75,394300
ARII,29-Apr-2013,35.66,35.83,34.5,34.59,482400
ARKR,29-Apr-2013,21.05,21.35,21.05,21.3,3700
ARLP,29-Apr-2013,34.835,36.24,34.6,35.815,146200
ARNA,29-Apr-2013,82.2,82.3,80.8,81,2402700
AROW,29-Apr-2013,24.01,24.01,23.8,23.9,18600
ARQL,29-Apr-2013,3.02,3.1,3,3.07,224000
ARRS,29-Apr-2013,16.5,16.5,16.33,16.37,1209100
ARRY,29-Apr-2013,6.03,6.18,5.99,6.06,748600
ARTNA,29-Apr-2013,22.98,23.25,22.85,23.22,9700
ARTW,29-Apr-2013,6.49,6.49,6.2,6.37,8900
ARTX,29-Apr-2013,1.1,1.1,1.01,1.08,23600
ARWR,29-Apr-2013,1.75,1.86,1.75,1.82,16500
ASCMA,29-Apr-2013,65.83,66.22,64.75,65.59,46000
ASFI,29-Apr-2013,9.5,9.52,9.38,9.47,3500
ASML,29-Apr-2013,74.32,75.11,74.12,74.56,761100
ASNA,29-Apr-2013,18.46,18.59,18.24,18.32,1192400
ASPS,29-Apr-2013,82.04,83.32,81.57,83.19,539900
ASRV,29-Apr-2013,3.05,3.05,3.03,3.03,11300
ASRVP,29-Apr-2013,27.1,27.1,27.1,27.1,700
ASTC,29-Apr-2013,0.8,0.81,0.75,0.8,17000
ASTE,29-Apr-2013,32.7,33.3,32.65,32.87,85300
ASUR,29-Apr-2013,5.02,5.15,5,5.15,2400
ASYS,29-Apr-2013,3.82,3.82,3.62,3.7,26100
ATAI,29-Apr-2013,4.08,4.08,4.08,4.08,0
ATAX,29-Apr-2013,6.96,7.05,6.96,7.01,80400
ATEC,29-Apr-2013,21.84,23.04,21.36,22.2,176900
ATHN,29-Apr-2013,95.18,95.97,94.65,95.14,264800
ATHX,29-Apr-2013,2.12,2.21,2.12,2.19,440000
ATLC,29-Apr-2013,3.72,3.99,3.72,3.73,9900
ATLO,29-Apr-2013,19.56,19.84,19.56,19.84,1600
ATNI,29-Apr-2013,49.65,50.75,49.65,50.38,40700
ATOS,29-Apr-2013,98.55,108.6,98.4,106.05,98600
ATRC,29-Apr-2013,7.76,7.9,7.68,7.87,38600
ATRI,29-Apr-2013,196.15,200.23,196.13,199.1,900
ATRO,29-Apr-2013,22.425,23.0417,22.1583,22.9833,14700
ATRS,29-Apr-2013,3.9,3.93,3.81,3.82,780400
ATSG,29-Apr-2013,5.6,5.7,5.58,5.68,78900
ATTU,29-Apr-2013,6,6.01,5.71,5.85,33200
ATVI,29-Apr-2013,14.83,15.07,14.78,14.93,7122600
AUBN,29-Apr-2013,21.75,21.75,21.75,21.75,100
AUDC,29-Apr-2013,4.03,4.05,3.81,3.98,178700
AVAV,29-Apr-2013,18.96,19.11,18.88,19.01,120400
AVEO,29-Apr-2013,7.49,7.54,7.12,7.44,1825800
AVGO,29-Apr-2013,32.35,32.79,32.2,32.53,2042900
AVHI,29-Apr-2013,13.17,13.33,12.83,12.99,5500
AVID,29-Apr-2013,6.78,6.84,6.68,6.71,62500
AVNW,29-Apr-2013,38.04,38.64,37.32,38.52,187600
AWRE,29-Apr-2013,4.89,5.06,4.82,4.87,63300
AXAS,29-Apr-2013,2.23,2.23,2.19,2.21,365200
AXDX,29-Apr-2013,5.94,6.49,5.86,6.16,21800
AXTI,29-Apr-2013,2.91,2.97,2.87,2.95,244100
AZPN,29-Apr-2013,30.08,30.38,29.72,30.26,443700
BABY,29-Apr-2013,13.06,13.1,12.77,12.8,54600
BANF,29-Apr-2013,42.08,42.08,41.21,41.59,4000
BANFP,29-Apr-2013,26.56,26.56,26.56,26.56,1400
BANR,29-Apr-2013,31.76,32.27,31.67,32.19,115200
BASI,29-Apr-2013,1.49,1.55,1.49,1.54,10300
BBBY,29-Apr-2013,67.31,69.33,66.97,68.39,2870700
BBGI,29-Apr-2013,6.58,6.62,6.2,6.62,1200
BBOX,29-Apr-2013,21.61,22.06,21.05,21.86,26100
BBRG,29-Apr-2013,17.1,17.18,16.76,16.8,279300
BBSI,29-Apr-2013,54.36,54.79,53.7,54.07,47500
BCBP,29-Apr-2013,10.47,10.47,10.35,10.47,1700
BCOM,29-Apr-2013,7.25,7.57,7.05,7.57,1000
BCOR,29-Apr-2013,14.81,14.82,14.7,14.77,293800
BCOV,29-Apr-2013,5.97,6.19,5.95,6.07,502900
BCPC,29-Apr-2013,42.91,43.37,42.41,43.15,41300
BCRX,29-Apr-2013,1.91,1.99,1.89,1.97,1824600
BDGE,29-Apr-2013,20.4,20.66,20.26,20.39,23000
BDSI,29-Apr-2013,5.39,5.46,5.35,5.43,114300
BEAT,29-Apr-2013,2.92,2.97,2.9,2.91,31400
BECN,29-Apr-2013,38.6,38.85,38.03,38.58,484600
BELFA,29-Apr-2013,13.08,13.12,13.08,13.12,300
BELFB,29-Apr-2013,14.94,15.16,14.81,14.92,12400
BFIN,29-Apr-2013,7.73,7.89,7.73,7.87,6500
BGCP,29-Apr-2013,5.67,5.86,5.65,5.78,1688700
BGFV,29-Apr-2013,15.65,16.51,15.49,16.36,433800
BIB,29-Apr-2013,23.105,23.2475,22.7975,22.8725,38700
BICK,29-Apr-2013,23.77,23.93,23.76,23.87,9800
BIDU,29-Apr-2013,86.4,88.07,85.14,85.49,5808900
BIIB,29-Apr-2013,202.0457,207.25,202.0457,205.9697,2066200
BIOL,29-Apr-2013,5.93,6.05,5.01,5.28,1514300
BIOS,29-Apr-2013,13.81,13.84,13.56,13.79,382600
BIS,29-Apr-2013,39.61,39.82,39.5,39.82,2500
BJRI,29-Apr-2013,36.12,36.37,34.59,34.62,412300
BKCC,29-Apr-2013,9.75,9.92,9.71,9.92,608400
BKEP,29-Apr-2013,8.91,8.96,8.81,8.85,14700
BKEPP,29-Apr-2013,9.19,9.49,9.14,9.37,23700
BKMU,29-Apr-2013,5.14,5.23,5.1,5.22,55900
BKSC,29-Apr-2013,12.8,12.9,12.7,12.9,1900
BLDP,29-Apr-2013,0.99,1,0.89,0.9,598300
BLDR,29-Apr-2013,6.1,6.25,6.05,6.15,658100
BLIN,29-Apr-2013,6.45,6.75,6.2,6.5,23100
BLKB,29-Apr-2013,29.11,29.42,29.08,29.11,104400
BLMN,29-Apr-2013,22,22.08,21.46,21.56,381300
BLMT,29-Apr-2013,13.66,13.74,13.58,13.72,3500
BLRX,29-Apr-2013,1.88,1.9,1.81,1.83,102500
BMRC,29-Apr-2013,39.18,39.26,39,39.19,2500
BMRN,29-Apr-2013,63.56,65.47,63.13,64.42,1139500
BMTC,29-Apr-2013,22.88,22.93,22.75,22.84,8900
BNCL,29-Apr-2013,8.95,8.97,8.7,8.72,150800
BNSO,29-Apr-2013,1.39,1.39,1.39,1.39,3200
BOBE,29-Apr-2013,42.78,43.47,42.54,42.82,104600
BOCH,29-Apr-2013,5,5.07,5,5.04,38600
BOFI,29-Apr-2013,10.08,10.25,9.95,10.125,65600
BOKF,29-Apr-2013,62.21,62.65,61.99,62.41,31600
BOOM,29-Apr-2013,15.64,15.84,15.59,15.63,20800
BOSC,29-Apr-2013,3.4,3.45,3.33,3.39,1900
BOTJ,29-Apr-2013,7.5,7.92,7,7,6300
BPFH,29-Apr-2013,9.67,9.75,9.59,9.65,362000
BPFHW,29-Apr-2013,3.33,3.35,3.33,3.35,1000
BPOP,29-Apr-2013,28.68,29.01,28.41,28.56,529200
BPOPM,29-Apr-2013,23.35,23.35,23.35,23.35,0
BPOPN,29-Apr-2013,24.2,24.2,24.1,24.1,2900
BREW,29-Apr-2013,7.51,7.59,7.31,7.42,23400
BRID,29-Apr-2013,7.56,7.58,7.56,7.58,200
BRKL,29-Apr-2013,8.44,8.45,8.22,8.37,453600
BRKR,29-Apr-2013,17.87,17.87,17.58,17.77,912400
BRKS,29-Apr-2013,9.41,9.66,9.3,9.64,174100
BSET,29-Apr-2013,13.67,14.28,13.67,14.14,13800
BSFT,29-Apr-2013,24.53,24.88,24.32,24.41,850700
BSPM,29-Apr-2013,5.25,6.37,5.25,5.74,60100
BSQR,29-Apr-2013,3.05,3.11,3.05,3.08,15300
BSRR,29-Apr-2013,12.77,12.89,12.7,12.81,29400
BSTC,29-Apr-2013,16.4,16.51,15.8,15.85,23500
BUR,29-Apr-2013,2.5,2.5,2.5,2.5,1600
BUSE,29-Apr-2013,4.32,4.32,4.25,4.27,83000
BV,29-Apr-2013,7.05,7.24,6.94,6.95,290500
BVSN,29-Apr-2013,8.57,8.61,8.42,8.5,56900
BWEN,29-Apr-2013,4.42,4.76,4.36,4.72,197700
BWINA,29-Apr-2013,23.44,23.44,23.44,23.44,0
BWINB,29-Apr-2013,24.06,24.26,24.01,24.26,3600
BWLD,29-Apr-2013,95.5,95.71,94.14,94.33,1834100
BYFC,29-Apr-2013,0.81,0.81,0.8,0.8,14100
CA,29-Apr-2013,26.05,26.68,25.99,26.63,2834000
CAAS,29-Apr-2013,4.59,4.65,4.46,4.57,32200
CAC,29-Apr-2013,32.71,32.96,32.7,32.75,7000
CACC,29-Apr-2013,100.7,101.27,100.11,100.12,58200
CADC,29-Apr-2013,3.36,3.6,3.36,3.36,6700
CAKE,29-Apr-2013,39.69,39.92,39.35,39.6,1305600
CALD,29-Apr-2013,4.32,4.35,4.29,4.31,27700
CALI,29-Apr-2013,3.24,3.27,2.91,2.95,145400
CALL,29-Apr-2013,16.94,17.14,16.51,16.65,216400
CALM,29-Apr-2013,21.18,21.225,21.045,21.185,39200
CAMP,29-Apr-2013,10.8,11.34,10.74,10.76,373400
CAMT,29-Apr-2013,1.41,1.49,1.41,1.45,13200
CAR,29-Apr-2013,29.16,29.38,28.45,28.87,2513800
CARB,29-Apr-2013,10.71,10.99,10.63,10.89,111500
CART,29-Apr-2013,2.75,2.75,2.75,2.75,0
CARV,29-Apr-2013,4.96,5.25,4.94,5.2,5800
CARZ,29-Apr-2013,32.22,32.42,32.22,32.42,1500
CASH,29-Apr-2013,27.02,27.39,26.6,26.89,15200
CASM,29-Apr-2013,2.08,2.14,1.93,2.04,15500
CASS,29-Apr-2013,41.95,41.95,41.47,41.8,6100
CASY,29-Apr-2013,58.75,58.75,57.86,58.08,222000
CATM,29-Apr-2013,27.82,28.25,27.82,28.09,134000
CATY,29-Apr-2013,19.55,19.61,19.37,19.53,131000
CAVM,29-Apr-2013,29.86,30.96,29.81,30.69,918600
CBAK,29-Apr-2013,0.67,0.71,0.64,0.64,160100
CBAN,29-Apr-2013,5.99,6.2,5.99,6.2,9300
CBLI,29-Apr-2013,35.8,36.8,35,36.8,251300
CBOE,29-Apr-2013,36.49,37.09,36.48,37.04,426100
CBPO,29-Apr-2013,25.19,25.83,24.51,25.36,12900
CBRL,29-Apr-2013,81.85,82.49,81.5,82.16,67100
CBSH,29-Apr-2013,39.7,39.97,39.7,39.85,241700
CCBG,29-Apr-2013,12.5,12.51,12.31,12.41,4600
CCCL,29-Apr-2013,17.52,17.52,17.04,17.12,8800
CCIH,29-Apr-2013,3.79,3.79,3.75,3.79,12100
CCMP,29-Apr-2013,33,33.19,32.69,32.94,68700
CCNE,29-Apr-2013,16.2,16.2,16,16.08,6100
CCOI,29-Apr-2013,27.99,27.99,27.48,27.66,428600
CCRN,29-Apr-2013,5,5.02,4.91,4.99,88900
CCUR,29-Apr-2013,6.84,6.89,6.66,6.78,58800
CCXI,29-Apr-2013,12.65,12.85,12.41,12.56,73700
CDNS,29-Apr-2013,13.73,13.89,13.57,13.84,2346400
CDTI,29-Apr-2013,10.25,10.25,9.85,10.05,70900
CDXS,29-Apr-2013,2.25,2.36,2.19,2.32,246800
CDZI,29-Apr-2013,5.61,5.64,5.52,5.6,20500
CECE,29-Apr-2013,11.52,11.78,11.46,11.71,68400
CECO,29-Apr-2013,2.21,2.29,2.2,2.29,326800
CELG,29-Apr-2013,60.14,60.46,59.16,59.235,3512600
CELGZ,29-Apr-2013,7.1,7.13,7.1,7.1,1600
CEMI,29-Apr-2013,4.56,4.76,4.56,4.63,10900
CENT,29-Apr-2013,8.99,8.99,8.75,8.84,11900
CENTA,29-Apr-2013,8.87,8.99,8.87,8.91,68300
CENX,29-Apr-2013,6.78,7.78,6.78,7.56,3223000
CERN,29-Apr-2013,47.185,47.765,47.055,47.395,877100
CERS,29-Apr-2013,5.33,5.43,5.3,5.34,709700
CETV,29-Apr-2013,3.84,4.02,3.67,3.82,308300
CEVA,29-Apr-2013,14.93,15.1,14.92,15.05,39100
CFBK,29-Apr-2013,1.5,1.5,1.5,1.5,2600
CFFI,29-Apr-2013,38.56,39.64,38.56,39.59,20800
CFFN,29-Apr-2013,11.92,11.97,11.8,11.9,668500
CG,29-Apr-2013,32.19,32.44,31.27,31.42,275800
CGEN,29-Apr-2013,5.95,6.09,5.45,5.74,117500
CGNX,29-Apr-2013,18.865,19.09,18.865,19.025,165900
CGO,29-Apr-2013,14.44,14.47,14.25,14.25,22800
CHCI,29-Apr-2013,3.39,3.42,2.97,3.06,586200
CHCO,29-Apr-2013,37.4,38.28,37.4,37.97,14300
CHDN,29-Apr-2013,74.5,75.78,74.26,75.54,34400
CHEF,29-Apr-2013,18.51,18.57,18.25,18.44,94400
CHFC,29-Apr-2013,24.32,24.5,24.21,24.4,21500
CHFN,29-Apr-2013,10.09,10.16,10.08,10.13,179000
CHI,29-Apr-2013,12.67,12.73,12.66,12.73,148700
CHKE,29-Apr-2013,13.08,13.12,13,13.08,14900
CHKP,29-Apr-2013,45.13,45.74,45.12,45.61,2255500
CHMG,29-Apr-2013,32.75,33.88,32.39,33.5,4800
CHNR,29-Apr-2013,4.69,4.73,4.67,4.67,1000
CHRW,29-Apr-2013,58.62,59.01,58.4,58.84,630300
CHSCP,29-Apr-2013,31.97,32,31.9,32,12600
CHTR,29-Apr-2013,102.17,102.17,100.71,101.62,294500
CHUY,29-Apr-2013,32.86,32.94,32.33,32.65,161400
CHW,29-Apr-2013,8.97,9.01,8.94,8.99,143200
CHY,29-Apr-2013,12.85,12.96,12.85,12.95,197800
CIDM,29-Apr-2013,14.8,14.8,14.3,14.5,47700
CINF,29-Apr-2013,48.18,48.4,47.96,48.29,559800
CIZN,29-Apr-2013,19.26,20,19.25,20,1300
CJJD,29-Apr-2013,0.7,0.7,0.65,0.65,4400
CLCT,29-Apr-2013,11.6,11.79,11.6,11.79,30000
CLDX,29-Apr-2013,13.76,13.94,13.33,13.39,751600
CLFD,29-Apr-2013,6.54,7.18,6.41,6.96,125800
CLIR,29-Apr-2013,8.1,9.45,8.05,9.34,427200
CLMT,29-Apr-2013,37.77,38.1,37.72,37.88,726200
CLNE,29-Apr-2013,13.09,13.41,13.04,13.27,1050600
CLNT,29-Apr-2013,3.37,3.49,3.3,3.39,58300
CLRO,29-Apr-2013,8.8,9.15,8.69,9.1,53000
CLSN,29-Apr-2013,0.88,0.9,0.86,0.88,497400
CLUB,29-Apr-2013,10.13,10.28,10.12,10.24,28600
CLVS,29-Apr-2013,37.5,38.3,37.45,37.49,136300
CLWT,29-Apr-2013,2.77,2.84,2.75,2.84,2400
CMCO,29-Apr-2013,18.3,18.71,18.15,18.57,29800
CMCSA,29-Apr-2013,20.81,20.845,20.64,20.745,8376900
CME,29-Apr-2013,60.98,61.25,60.67,60.84,1174600
CMRX,29-Apr-2013,18.7,19.03,18.56,19.02,26000
CMTL,29-Apr-2013,23.91,24.14,23.76,24.02,38900
CNBKA,29-Apr-2013,33.33,33.33,31.88,33.08,4400
CNET,29-Apr-2013,0.73,0.78,0.73,0.77,15800
CNIT,29-Apr-2013,1.44,1.44,1.28,1.39,95600
CNMD,29-Apr-2013,31.86,31.86,31.62,31.66,85100
CNOB,29-Apr-2013,11.86,11.93,11.61,11.74,8100
CNSL,29-Apr-2013,18.08,18.27,18.08,18.17,121600
CNTF,29-Apr-2013,4.9,4.95,4.8,4.8,190700
CNTY,29-Apr-2013,2.92,2.93,2.88,2.9,50100
COBZ,29-Apr-2013,7.99,8.18,7.99,8.18,83600
COHR,29-Apr-2013,54.41,55.36,54.38,55.04,136500
COHU,29-Apr-2013,9.48,9.82,9.48,9.59,23900
COKE,29-Apr-2013,61.24,61.82,61.06,61.42,14600
COLB,29-Apr-2013,21.37,21.54,21.31,21.47,178200
COLM,29-Apr-2013,29.305,29.895,29.305,29.42,153200
CONE,29-Apr-2013,24.12,24.84,24.06,24.23,248100
CONN,29-Apr-2013,44.48,44.96,43.46,43.56,400300
COOL,29-Apr-2013,25.62,25.62,23.94,24.36,180100
CORE,29-Apr-2013,13.135,13.135,13.0025,13.09,9900
CORT,29-Apr-2013,1.76,1.84,1.74,1.76,107700
COST,29-Apr-2013,109.3,109.47,108.47,108.63,1728200
COWN,29-Apr-2013,2.51,2.54,2.47,2.51,493600
CPAH,29-Apr-2013,18.8,18.8,18.8,18.8,500
CPHC,29-Apr-2013,11.35,11.35,11.35,11.35,400
CPIX,29-Apr-2013,4.71,4.72,4.67,4.7,23200
CPLA,29-Apr-2013,36.01,36.69,36.01,36.44,37400
CPLP,29-Apr-2013,8.8,8.9,8.78,8.85,215500
CPRT,29-Apr-2013,17.215,17.5,17.205,17.465,716500
CPRX,29-Apr-2013,0.95,0.95,0.87,0.89,1076000
CPSI,29-Apr-2013,52.85,53.78,52.75,53.04,105900
CPSS,29-Apr-2013,8.6,9.03,8.4,8.82,186700
CPST,29-Apr-2013,17.8,17.8,17.4,17.4,771800
CRAI,29-Apr-2013,18.16,18.32,17.75,17.83,46000
CRAY,29-Apr-2013,21.06,21.06,20.74,20.88,331800
CREE,29-Apr-2013,55.8,57.3,55.52,56.24,2440800
CREG,29-Apr-2013,9.1,16,9.1,11.1,463500
CRESY,29-Apr-2013,8.65,8.75,8.54,8.57,85000
CRIS,29-Apr-2013,3.78,4.08,3.78,4.03,1470500
CRME,29-Apr-2013,2.38,2.4,2.3,2.37,53100
CRMT,29-Apr-2013,45.04,45.94,45.04,45.81,12400
CRNT,29-Apr-2013,3.73,3.85,3.72,3.8,45400
CROX,29-Apr-2013,15.87,16.15,15.75,15.98,1099400
CRUS,29-Apr-2013,18.18,19.57,18,19.15,5415900
CRVL,29-Apr-2013,23.81,24.075,23.615,23.7,10700
CRWS,29-Apr-2013,6.08,6.1,6.04,6.04,26500
CRZO,29-Apr-2013,24.86,25.05,24.39,24.74,975900
CSBK,29-Apr-2013,11.83,12.06,11.83,11.91,1500
CSCO,29-Apr-2013,20.65,21.07,20.47,20.98,29476100
CSFL,29-Apr-2013,8.07,8.28,7.99,8.21,19800
CSGP,29-Apr-2013,108.1,109.66,107.95,108.44,125800
CSGS,29-Apr-2013,21.3,21.52,21.25,21.45,277800
CSII,29-Apr-2013,17.1,17.84,17,17.79,141200
CSIQ,29-Apr-2013,5.35,6.09,5.3,5.84,2671500
CSOD,29-Apr-2013,34.14,35.3,33.9,35.15,309000
CSPI,29-Apr-2013,5.58,5.6,5.5,5.5,1500
CSQ,29-Apr-2013,10.61,10.61,10.57,10.59,267500
CSTE,29-Apr-2013,24.13,24.49,23.8,23.91,136800
CSTR,29-Apr-2013,54.94,55.04,53.42,53.62,961200
CSWC,29-Apr-2013,28.97,29.245,28.8875,28.9975,2600
CSX,29-Apr-2013,24.49,24.69,24.29,24.61,4925600
CTAS,29-Apr-2013,44.67,45.08,44.51,44.79,258300
CTBI,29-Apr-2013,34.28,34.52,34.15,34.17,13600
CTHR,29-Apr-2013,3.9,3.95,3.8,3.85,22800
CTIB,29-Apr-2013,5.05,5.09,4.74,5.04,2900
CTIC,29-Apr-2013,11.8,11.9,11.5,11.7,1135500
CTRN,29-Apr-2013,11.7,11.94,11.6,11.84,45400
CTRP,29-Apr-2013,11.18,11.27,10.865,10.92,1374900
CTSH,29-Apr-2013,31.135,31.58,31.075,31.465,5113900
CTWS,29-Apr-2013,28.17,28.46,28.17,28.2,14100
CTXS,29-Apr-2013,49.2755,49.7373,48.9889,49.4825,2095900
CUBA,29-Apr-2013,8.8,8.94,8.73,8.86,8500
CUI,29-Apr-2013,5.9,5.9,5.64,5.65,26400
CUTR,29-Apr-2013,10.98,11.15,10.96,11.01,60900
CVBF,29-Apr-2013,10.73,10.84,10.73,10.84,221800
CVCO,29-Apr-2013,45.43,46.15,45.43,45.65,6500
CVCY,29-Apr-2013,8.19,8.25,8.07,8.15,1700
CVGI,29-Apr-2013,7.3,7.48,7.25,7.3,100700
CVGW,29-Apr-2013,28.44,28.65,28.31,28.4,12900
CVLT,29-Apr-2013,72.61,74.47,71.56,73.96,489700
CVLY,29-Apr-2013,16.75,16.8,16.58,16.58,2200
CVTI,29-Apr-2013,5.46,5.52,5.41,5.46,26800
CVV,29-Apr-2013,10.19,10.24,10.06,10.1,23000
CWBC,29-Apr-2013,4.55,4.78,4.55,4.76,7600
CWCO,29-Apr-2013,9.94,9.99,9.82,9.95,30400
CWST,29-Apr-2013,4.17,4.3,4.17,4.27,76500
CXDC,29-Apr-2013,4.04,4.04,3.97,4.01,19400
CY,29-Apr-2013,9.95,10.11,9.93,10.04,1873800
CYAN,29-Apr-2013,4.33,4.46,4.3,4.32,14000
CYBE,29-Apr-2013,5.4,5.59,5.35,5.5,19300
CYCC,29-Apr-2013,56.4,57.6,55.2,55.92,45400
CYCCP,29-Apr-2013,8.1,8.1,8.1,8.1,0
CYOU,29-Apr-2013,29.9,29.9,27.88,28.98,383000
CYTK,29-Apr-2013,7.92,7.92,7.2,7.5,1954400
CYTR,29-Apr-2013,2.72,2.79,2.68,2.77,108100
CYTX,29-Apr-2013,40.8,41.55,40.2,41.1,105600
CYTXW,29-Apr-2013,0.9,0.9,0.9,0.9,5500
CZFC,29-Apr-2013,8.14,8.36,8.1,8.21,5100
CZNC,29-Apr-2013,19.34,19.45,19,19.07,13000
CZR,29-Apr-2013,16.17,16.8,15.75,15.81,496800
CZWI,29-Apr-2013,7.05,7.05,7.04,7.05,9700
DAIO,29-Apr-2013,1.65,1.65,1.63,1.63,8900
DAKT,29-Apr-2013,9.62,9.79,9.62,9.79,84500
DAVE,29-Apr-2013,11.16,11.3,10.62,11.23,31800
DCIX,29-Apr-2013,45.04,45.6,44.64,45.28,364700
DCOM,29-Apr-2013,14.15,14.17,14.05,14.14,68100
DENN,29-Apr-2013,5.68,5.72,5.66,5.69,302700
DEPO,29-Apr-2013,5.49,5.62,5.49,5.53,204600
DEST,29-Apr-2013,23.35,23.54,23.22,23.49,95600
DFRG,29-Apr-2013,16.5,16.92,16.36,16.71,125300
DFVS,29-Apr-2013,36.38,36.39,36.38,36.39,2500
DGICA,29-Apr-2013,14.88,14.88,14.69,14.73,12200
DGICB,29-Apr-2013,25.03,25.04,25.03,25.04,700
DGII,29-Apr-2013,9.09,9.39,9.09,9.3,46300
DGLY,29-Apr-2013,4.26,4.42,4.26,4.42,2400
DHIL,29-Apr-2013,74.72,75.68,74.72,75,8500
DIOD,29-Apr-2013,19.38,19.71,19.31,19.62,140300
DISCA,29-Apr-2013,79.11,79.33,78.63,78.83,1273400
DISCB,29-Apr-2013,78.73,78.73,78.73,78.73,1300
DISCK,29-Apr-2013,35.445,35.545,35.3,35.435,384900
DISH,29-Apr-2013,39.8,40.81,39.65,40.56,2853700
DJCO,29-Apr-2013,105.5,105.5,105.5,105.5,200
DLBS,29-Apr-2013,26.14,26.44,26.02,26.43,9900
DLHC,29-Apr-2013,0.78,0.95,0.78,0.95,2400
DLTR,29-Apr-2013,48.2,48.34,47.66,47.79,1333000
DMLP,29-Apr-2013,23.41,23.58,23.25,23.43,125100
DMRC,29-Apr-2013,21.57,21.94,21.37,21.79,20100
DNBF,29-Apr-2013,17,17.35,16.95,17.35,2000
DNKN,29-Apr-2013,38.82,38.87,38.53,38.54,609800
DORM,29-Apr-2013,36.35,36.49,36.03,36.33,229500
DRAD,29-Apr-2013,2.62,2.64,2.59,2.6,26100
DRRX,29-Apr-2013,1.3,1.34,1.25,1.25,651700
DRYS,29-Apr-2013,3091200,3158400,3057600,3108000,3055800
DSGX,29-Apr-2013,9.71,9.77,9.66,9.74,26800
DSPG,29-Apr-2013,7.87,8.21,7.87,8.06,86300
DSWL,29-Apr-2013,2.7,2.7,2.6,2.67,29900
DTUS,29-Apr-2013,39.64,39.64,39.64,39.64,0
DTYS,29-Apr-2013,23.86,23.95,23.83,23.9,7500
DVAX,29-Apr-2013,24.5,24.6,23.7,24,830700
DVCR,29-Apr-2013,5.08,5.08,5.08,5.08,0
DWCH,29-Apr-2013,12.7,13.4,12.65,12.98,10800
DWSN,29-Apr-2013,31.25,31.42,30.07,30.6,45100
DXCM,29-Apr-2013,15.63,15.89,15.53,15.85,389800
DXLG,29-Apr-2013,4.9,5.01,4.87,4.95,141900
DXPE,29-Apr-2013,67.77,68.31,65.62,66.78,49500
DXYN,29-Apr-2013,6.11,6.14,5.99,6.03,10600
DYNT,29-Apr-2013,2.65,2.77,2.62,2.7,2900
DYSL,29-Apr-2013,0.75,0.8,0.7,0.74,16500
EA,29-Apr-2013,17.9,18,17.71,17.77,2115900
EBAY,29-Apr-2013,22.1516,22.3116,21.9832,22.2484,7171200
EBIX,29-Apr-2013,18.54,18.75,18.33,18.5,246100
EBMT,29-Apr-2013,10.75,10.75,10.75,10.75,100
EBSB,29-Apr-2013,7.4755,7.4755,7.2508,7.3366,9300
EBTC,29-Apr-2013,16.3,16.34,16.04,16.09,1900
ECHO,29-Apr-2013,17.96,18.02,17.45,17.56,273200
ECOL,29-Apr-2013,26.4,26.82,26.39,26.73,46400
ECPG,29-Apr-2013,28.2,28.5,28,28.25,320200
ECYT,29-Apr-2013,14.14,14.4,14.1,14.11,234700
EDAP,29-Apr-2013,3.64,3.7,3.53,3.62,38200
EDGW,29-Apr-2013,3.84,4.18,3.84,4.14,3100
EDUC,29-Apr-2013,3.55,3.67,3.54,3.64,18000
EEFT,29-Apr-2013,29.47,30.3,29.47,30.1,157800
EEI,29-Apr-2013,12.25,12.3,12.22,12.3,700
EEMA,29-Apr-2013,56.1,56.38,55.92,56.29,8400
EFII,29-Apr-2013,26.59,26.76,26.4,26.69,172200
EFSC,29-Apr-2013,14.27,14.44,14.18,14.25,23700
EGAN,29-Apr-2013,8.04,8.11,7.76,7.97,65100
EGBN,29-Apr-2013,23.1,23.13,22.96,23.04,58700
EGLE,29-Apr-2013,1180.8,1260,1170,1238.4,332900
EGOV,29-Apr-2013,17.35,17.56,17.26,17.54,235700
EHTH,29-Apr-2013,21.04,21.52,21,21.07,137800
ELGX,29-Apr-2013,15.01,15.03,14.55,14.63,408200
ELON,29-Apr-2013,21.3,22.5,21.2,21.7,172800
ELSE,29-Apr-2013,4.5,4.5,4.33,4.48,3500
ELTK,29-Apr-2013,1.22,1.34,1.22,1.28,32700
EMCB,29-Apr-2013,80,80.1,79.91,80.1,12400
EMCF,29-Apr-2013,23.98,23.98,23.04,23.1,900
EMCI,29-Apr-2013,18.8,19.1,18.68,18.8,10000
EMIF,29-Apr-2013,35.62,35.72,35.58,35.64,6600
EMITF,29-Apr-2013,135.6,136.8,132,132.6,5200
EMKR,29-Apr-2013,4.54,4.54,4.32,4.37,272000
EML,29-Apr-2013,16.08,16.59,15.97,16.34,18200
EMMS,29-Apr-2013,6.04,6.2,6.04,6.12,44700
ENDP,29-Apr-2013,36.44,36.8,36.29,36.45,1810100
ENG,29-Apr-2013,0.41,0.42,0.39,0.39,45600
ENPH,29-Apr-2013,7.16,7.58,7,7.11,386600
ENSG,29-Apr-2013,17.4,17.41,17.2,17.31,38600
ENT,29-Apr-2013,9.61,9.79,9.6,9.75,12000
ENTA,29-Apr-2013,21.29,21.29,20.05,20.43,89800
ENTG,29-Apr-2013,9.51,9.62,9.47,9.5,592100
EPAY,29-Apr-2013,25.61,25.93,25.39,25.9,133500
EQIX,29-Apr-2013,213.24,214.87,210.33,210.97,704900
ERIC,29-Apr-2013,12.26,12.31,12.24,12.25,2246100
ERIE,29-Apr-2013,79.03,79.74,79.03,79.26,17000
ERII,29-Apr-2013,3.72,3.76,3.62,3.68,73200
ESBK,29-Apr-2013,24.12,24.23,24,24,1800
ESCA,29-Apr-2013,5.72,5.77,5.72,5.72,7500
ESEA,29-Apr-2013,1.1,1.15,1.1,1.13,82300
ESGR,29-Apr-2013,126.45,127.58,126.01,126.82,21000
ESIO,29-Apr-2013,10.57,10.73,10.56,10.6,33500
ESLT,29-Apr-2013,41.8,42.18,41.43,42.08,6300
ESRX,29-Apr-2013,57.91,59,57.74,58.44,7692000
ESSA,29-Apr-2013,10.74,10.84,10.74,10.8,12900
ESXB,29-Apr-2013,3.27,3.35,3.26,3.3,10200
ETFC,29-Apr-2013,10.25,10.36,10.19,10.31,2895700
EUFN,29-Apr-2013,20.72,20.95,20.69,20.84,76300
EVEP,29-Apr-2013,47,47.31,46.68,47,311600
EVK,29-Apr-2013,2.19,2.27,2.11,2.2,10900
EVOL,29-Apr-2013,5.91,6.02,5.82,5.82,14800
EWBC,29-Apr-2013,24.04,24.21,23.87,24.11,476800
EXAC,29-Apr-2013,18.45,18.5,18.3,18.47,9400
EXAS,29-Apr-2013,8.85,9.27,8.81,9.24,2024200
EXEL,29-Apr-2013,5.27,5.27,5.14,5.19,2033300
EXFO,29-Apr-2013,4.51,4.7,4.48,4.62,21800
EXLS,29-Apr-2013,31.99,32.21,31.68,32.07,50000
EXPD,29-Apr-2013,35.44,35.79,35.31,35.66,725000
EXPE,29-Apr-2013,58.73,58.97,55.75,56.06,6414900
EXPO,29-Apr-2013,26.415,26.53,26.41,26.495,39200
EXTR,29-Apr-2013,3.29,3.37,3.24,3.29,400500
EXXI,29-Apr-2013,22.5,23.05,22.3,22.94,852400
EZPW,29-Apr-2013,17.15,17.3,16.65,16.77,937600
FANG,29-Apr-2013,26.98,26.98,25.78,26.04,343400
FARM,29-Apr-2013,15.09,15.17,14.84,15.11,7900
FARO,29-Apr-2013,37.25,37.75,36.61,37.4,72800
FAST,29-Apr-2013,49.51,50.21,49.09,49.92,1122300
FB,29-Apr-2013,27.16,27.41,26.86,26.98,29126000
FBIZ,29-Apr-2013,27.56,27.56,27.2,27.53,700
FBMS,29-Apr-2013,11.57,12.75,11.5,12.75,13500
FBNC,29-Apr-2013,12.45,12.78,12.4,12.64,26900
FBNK,29-Apr-2013,14.53,14.55,14.4,14.52,44900
FBSS,29-Apr-2013,12.2,12.2,12.2,12.2,500
FCAL,29-Apr-2013,8,8.07,7.94,8.05,30300
FCAP,29-Apr-2013,19.93,19.93,19.93,19.93,0
FCBC,29-Apr-2013,15.45,15.62,15.28,15.56,11600
FCCO,29-Apr-2013,8.85,9.15,8.85,8.9,1000
FCCY,29-Apr-2013,8.6,8.72,8.6,8.6,2700
FCEL,29-Apr-2013,12.48,13.2,12.24,12.84,1818300
FCNCA,29-Apr-2013,182.97,184,181.9,183.08,3300
FDEF,29-Apr-2013,22.36,23,22.36,22.94,9600
FDUS,29-Apr-2013,18.78,19.03,18.56,18.82,91000
FEIM,29-Apr-2013,9.76,10.04,9.6,9.91,12200
FELE,29-Apr-2013,31.76,32.14,31.63,31.82,84800
FFBC,29-Apr-2013,15.51,15.54,15.39,15.48,132500
FFBCW,29-Apr-2013,5.22,5.22,5.22,5.22,0
FFHL,29-Apr-2013,1.19,1.26,1.1,1.26,6200
FFIC,29-Apr-2013,15.31,15.31,15.02,15.2,106900
FFIN,29-Apr-2013,24.445,24.76,24.165,24.62,40000
FFIV,29-Apr-2013,74.27,77.03,73.65,75.96,1840300
FFKT,29-Apr-2013,18.66,18.69,18.14,18.55,13500
FFNW,29-Apr-2013,7.81,8.07,7.62,8.05,26100
FIBK,29-Apr-2013,19.27,19.92,19.27,19.53,135300
FINL,29-Apr-2013,19.17,19.34,19.01,19.08,329800
FISI,29-Apr-2013,19.24,19.52,19.24,19.4,11400
FISV,29-Apr-2013,45.05,45.465,45.01,45.42,590200
FITB,29-Apr-2013,16.77,16.89,16.76,16.83,4412500
FIVE,29-Apr-2013,37.47,37.49,36.25,36.5,343900
FIZZ,29-Apr-2013,14.54,14.72,14.52,14.6,16200
FLAT,29-Apr-2013,64.42,64.45,64.42,64.42,200
FLDM,29-Apr-2013,18.15,18.44,17.52,17.56,89400
FLEX,29-Apr-2013,6.9,7,6.89,6.98,2496900
FLIC,29-Apr-2013,19.8733,19.9667,19.72,19.86,6300
FLIR,29-Apr-2013,24.11,24.27,23.91,24.15,1854000
FLL,29-Apr-2013,2.74,2.75,2.71,2.73,51600
FLWS,29-Apr-2013,5.89,6.15,5.82,6.05,355000
FLXS,29-Apr-2013,20.45,20.8,20.44,20.53,12500
FMBI,29-Apr-2013,12.35,12.6,12.33,12.58,346500
FMNB,29-Apr-2013,6.55,6.6,6.5,6.57,5900
FNGN,29-Apr-2013,36.58,36.58,36.1,36.34,175500
FNHC,29-Apr-2013,7.2,7.3,7.12,7.12,7500
FNLC,29-Apr-2013,16.71,17.45,16.71,17.25,10000
FNSR,29-Apr-2013,12.99,13.1,12.8,12.96,1480600
FOLD,29-Apr-2013,3.19,3.35,3.14,3.22,243600
FONE,29-Apr-2013,27.07,27.38,27.07,27.28,2400
FONR,29-Apr-2013,7.13,7.22,7.08,7.09,21400
FORD,29-Apr-2013,1.87,1.94,1.87,1.88,8600
FORM,29-Apr-2013,4.84,4.93,4.77,4.9,128400
FORR,29-Apr-2013,35.69,35.98,35.6,35.85,113200
FORTY,29-Apr-2013,20.15,20.33,20.15,20.33,1300
FOSL,29-Apr-2013,95.5,96.02,94.61,95.29,556100
FRAN,29-Apr-2013,29.28,29.53,28.13,28.41,1308700
FRBK,29-Apr-2013,2.73,2.8,2.72,2.74,11800
FRED,29-Apr-2013,14.22,14.26,14.04,14.09,99000
FRGI,29-Apr-2013,26.23,26.46,26.05,26.31,199200
FRME,29-Apr-2013,16.26,16.27,15.94,16.12,46800
FSBW,29-Apr-2013,15.99,16.4,15.81,16.25,12700
FSFG,29-Apr-2013,21.75,21.76,21.75,21.76,800
FSLR,29-Apr-2013,44.67,46.25,44.3,45.57,7079400
FSTR,29-Apr-2013,39.85,41.24,39.85,41.24,19700
FTEK,29-Apr-2013,4.04,4.07,3.98,4,64000
FTNT,29-Apr-2013,17.5,17.95,17.4,17.85,2102800
FTR,29-Apr-2013,4.08,4.15,4.07,4.14,7995800
FULT,29-Apr-2013,11.07,11.12,11,11.08,301100
FUNC,29-Apr-2013,8.24,8.41,8.24,8.41,500
FUND,29-Apr-2013,6.71,6.77,6.68,6.76,40300
FWRD,29-Apr-2013,36.7,36.93,36.46,36.6,42800
GABC,29-Apr-2013,13.9667,14.0333,13.9333,14.0333,3700
GAIA,29-Apr-2013,4.33,4.35,4.21,4.21,7600
GAIN,29-Apr-2013,7.35,7.44,7.34,7.44,87400
GALE,29-Apr-2013,51,57,50.8,55,5268500
GALT,29-Apr-2013,4.28,5.22,4.28,4.98,887000
GARS,29-Apr-2013,15.27,15.28,15.07,15.18,35100
GASS,29-Apr-2013,10.06,10.18,9.95,10.15,301800
GBCI,29-Apr-2013,18.25,18.42,18.24,18.34,153400
GBDC,29-Apr-2013,17.44,17.6,17.4,17.52,400900
GBLI,29-Apr-2013,21.72,21.73,21.51,21.69,4000
GBNK,29-Apr-2013,10.25,10.55,10.25,10.5,59100
GCBC,29-Apr-2013,10.06,10.06,10.06,10.06,200
GCVRZ,29-Apr-2013,1.7,1.72,1.69,1.7,166900
GENC,29-Apr-2013,4.7,4.7533,4.66,4.6667,7500
GENE,29-Apr-2013,12.2,12.2,11.75,11.9,41700
GEOS,29-Apr-2013,84.7,85.48,84.01,84.32,99500
GERN,29-Apr-2013,1.15,1.17,1.14,1.17,353600
GEVO,29-Apr-2013,522,564,516,537,1785400
GFED,29-Apr-2013,10.01,10.07,9.95,9.95,4200
GFN,29-Apr-2013,4.47,4.48,4.47,4.48,20900
GGAL,29-Apr-2013,5.72,5.8,5.55,5.66,37500
GHDX,29-Apr-2013,30.2,30.38,30.09,30.28,68300
GIFI,29-Apr-2013,19.81,20.46,19.75,20.16,41300
GIGM,29-Apr-2013,5,5.1,5,5.1,20400
GIII,29-Apr-2013,20.365,20.57,20.055,20.31,111300
GILD,29-Apr-2013,51.46,51.63,50.77,51.09,10815000
GILT,29-Apr-2013,5.71,5.71,5.51,5.6,50000
GLAD,29-Apr-2013,9.31,9.4,9.26,9.4,64700
GLBS,29-Apr-2013,9,9.16,8.88,8.92,10800
GLBZ,29-Apr-2013,12.5,12.95,12.4,12.4,800
GLDD,29-Apr-2013,6.81,6.98,6.77,6.78,414100
GLDI,29-Apr-2013,17.6,17.86,17.59,17.65,13500
GLNG,29-Apr-2013,33.16,33.7,33.11,33.36,349700
GLRE,29-Apr-2013,24.59,24.79,24.5,24.73,54900
GLUU,29-Apr-2013,3.25,3.25,3.03,3.05,2978000
GMLP,29-Apr-2013,32.64,32.64,31.75,31.83,40600
GNCMA,29-Apr-2013,9.48,9.65,9.44,9.49,88500
GNMA,29-Apr-2013,50.02,50.02,49.97,50.02,3500
GNMK,29-Apr-2013,15.21,15.41,14.86,15.2,283800
GNTX,29-Apr-2013,11.075,11.21,11.03,11.14,890000
GOLD,29-Apr-2013,81.14,82.23,80.71,81.43,712100
GOOD,29-Apr-2013,19.24,19.24,19.12,19.18,117200
GOODO,29-Apr-2013,25.75,26,25.75,26,1800
GOODP,29-Apr-2013,26.08,26.95,26.08,26.43,800
GOOG,29-Apr-2013,401.625,411.35,401.5,409.53,2301600
GPIC,29-Apr-2013,8.59,8.6,8.36,8.57,5700
GPOR,29-Apr-2013,51.82,52.69,51.82,52.43,1252100
GPRE,29-Apr-2013,12.43,12.78,12.36,12.48,302200
GRFS,29-Apr-2013,15.01,15.295,15.005,15.29,252700
GRID,29-Apr-2013,32.5,32.63,32.33,32.58,3700
GRIF,29-Apr-2013,29.21,29.21,28.53,28.98,700
GRMN,29-Apr-2013,34.94,35.29,34.72,35.24,739200
GROW,29-Apr-2013,2.93,2.98,2.93,2.95,15500
GRPN,29-Apr-2013,6.45,6.5,6.25,6.26,10535200
GRVY,29-Apr-2013,10,10.24,10,10.16,37100
GSBC,29-Apr-2013,25.83,26.25,25.77,26.09,21000
GSIT,29-Apr-2013,6.25,6.29,6.21,6.25,21500
GSM,29-Apr-2013,12.96,12.98,12.82,12.9,207500
GSVC,29-Apr-2013,7.71,7.77,7.66,7.73,178900
GT,29-Apr-2013,12.46,12.6,12.25,12.57,6787400
GTIM,29-Apr-2013,3.15,3.3,2.98,3.3,25600
GTLS,29-Apr-2013,77.06,78.11,76.3,77.49,348100
GTXI,29-Apr-2013,4.88,4.9,4.66,4.68,173800
GULF,29-Apr-2013,17.5,17.62,17.4,17.62,10800
GURE,29-Apr-2013,1.04,1.07,1.02,1.03,78700
GYRO,29-Apr-2013,73.06,73.8,72.7,72.98,5500
HA,29-Apr-2013,5.42,5.44,5.34,5.36,956400
HAFC,29-Apr-2013,15.42,15.52,15.21,15.39,209300
HAIN,29-Apr-2013,33,34.105,32.375,32.545,419100
HALL,29-Apr-2013,9.01,9.01,8.8,8.95,24600
HALO,29-Apr-2013,6.3,6.36,6.24,6.29,482200
HAS,29-Apr-2013,47.02,47.68,46.9,47.65,1318700
HAWK,29-Apr-2013,24.5,24.5,23.62,24.06,248700
HAYN,29-Apr-2013,48.52,49.63,47.86,49.34,56500
HBAN,29-Apr-2013,7.15,7.16,7.11,7.13,4769600
HBANP,29-Apr-2013,1325,1340,1325,1340,900
HBCP,29-Apr-2013,18.26,18.61,18.26,18.53,2100
HBHC,29-Apr-2013,26.94,27.23,26.79,27.04,936600
HBIO,29-Apr-2013,4.77,4.85,4.72,4.75,73000
HBK,29-Apr-2013,13.45,13.45,12.81,13.05,3300
HBMD,29-Apr-2013,7.2,7.2,7.2,7.2,0
HBNC,29-Apr-2013,12.68,12.7933,12.6133,12.7867,6000
HCCI,29-Apr-2013,15.27,15.4,15.21,15.39,12800
HCKT,29-Apr-2013,4.97,5.08,4.8,4.83,94900
HCOM,29-Apr-2013,24.25,24.62,24.25,24.35,7600
HCSG,29-Apr-2013,23.26,23.36,22.87,22.9,339400
HDNG,29-Apr-2013,13.26,13.31,13.02,13.1,69600
HDSN,29-Apr-2013,3.96,4,3.9,3.96,124100
HEES,29-Apr-2013,19.72,20.2,19.65,20.08,253300
HELE,29-Apr-2013,35.71,36.32,35.67,36.21,58400
HFBC,29-Apr-2013,10.82,10.98,10.76,10.95,6400
HFBL,29-Apr-2013,18,18,18,18,400
HFWA,29-Apr-2013,13.55,13.94,13.55,13.83,11300
HGSH,29-Apr-2013,12.2,12.5,8.77,9.35,257100
HIBB,29-Apr-2013,54.41,55.09,53.87,54.38,250600
HIFS,29-Apr-2013,68.67,68.95,68,68.7,1600
HIHO,29-Apr-2013,1.73,1.73,1.73,1.73,0
HIIQ,29-Apr-2013,14.57,15,14.5,14.99,27400
HIMX,29-Apr-2013,5.35,5.78,5.28,5.61,7077800
HLIT,29-Apr-2013,5.72,5.73,5.64,5.69,1103100
HMNF,29-Apr-2013,7.51,7.56,7.3,7.42,24800
HMNY,29-Apr-2013,3.25,3.49,3.2,3.4,5400
HMST,29-Apr-2013,20.45,21.86,20.25,21.79,387200
HMSY,29-Apr-2013,25.29,25.63,24.66,25.03,1037900
HMTV,29-Apr-2013,13,13.5,12.8,13.14,58000
HNRG,29-Apr-2013,7.02,7.22,6.97,7.2,20100
HOFT,29-Apr-2013,17.14,17.29,17.12,17.19,47400
HOLI,29-Apr-2013,11.56,12.3,11.56,12.24,261000
HOLX,29-Apr-2013,20.33,20.45,20.18,20.43,2604800
HOMB,29-Apr-2013,9.9325,9.9325,9.8375,9.8675,115200
HOVNP,29-Apr-2013,16.11,16.11,15.7,15.85,11100
HPJ,29-Apr-2013,1.03,1.03,1.03,1.03,3200
HRZN,29-Apr-2013,14.32,14.45,14.3,14.41,47600
HSIC,29-Apr-2013,89.86,90.2,89.48,89.94,453500
HSII,29-Apr-2013,12.79,13.19,12.79,13.06,38700
HSKA,29-Apr-2013,8.38,8.47,8.3,8.47,4000
HSNI,29-Apr-2013,53.3,53.35,52.84,52.93,200900
HSON,29-Apr-2013,3.19,3.19,3.09,3.18,51300
HSTM,29-Apr-2013,22.66,23.29,22.58,23.25,65600
HTBI,29-Apr-2013,15.86,15.93,15.72,15.77,330900
HTBK,29-Apr-2013,6.58,6.62,6.46,6.56,43900
HTHT,29-Apr-2013,15.35,15.52,15.33,15.37,23800
HTLD,29-Apr-2013,13.43,13.54,13.4,13.5,446400
HTLF,29-Apr-2013,24.05,24.42,23.85,24.22,21500
HUBG,29-Apr-2013,36.6,36.66,36.21,36.63,238200
HURC,29-Apr-2013,26.29,26.29,25.88,26.29,8500
HURN,29-Apr-2013,41.75,41.75,40.54,41.13,251300
HWBK,29-Apr-2013,11.8,11.8,11.8,11.8,0
HWCC,29-Apr-2013,13.48,13.78,13.48,13.78,24300
HWKN,29-Apr-2013,36.67,36.83,36.34,36.58,12200
HYGS,29-Apr-2013,8.56,8.75,8.15,8.18,19900
HYLS,29-Apr-2013,51.29,51.58,51.15,51.55,71400
HZNP,29-Apr-2013,2.5,2.5,2.38,2.4,324400
IART,29-Apr-2013,17.005,17.2,16.845,17.155,137200
IBB,29-Apr-2013,174,174.61,173,173.47,755800
IBCP,29-Apr-2013,7.54,7.64,7.51,7.63,32600
IBKC,29-Apr-2013,47,47.18,46.19,46.32,371900
IBKR,29-Apr-2013,14.88,14.98,14.8,14.96,337500
IBOC,29-Apr-2013,19.07,19.31,19.05,19.26,109700
IBTX,29-Apr-2013,28.2,28.69,28.07,28.53,17400
ICAD,29-Apr-2013,4.7,4.96,4.66,4.86,22900
ICCC,29-Apr-2013,3.77,3.77,3.77,3.77,100
ICFI,29-Apr-2013,25.86,26.98,25.85,26.65,42700
ICLN,29-Apr-2013,8.26,8.44,8.26,8.43,14400
ICLR,29-Apr-2013,31.4,31.65,30.91,31.59,498900
ICON,29-Apr-2013,28.31,29.31,28.13,28.41,1449700
ICPT,29-Apr-2013,34.51,34.96,33.9,34.29,27200
ICUI,29-Apr-2013,59.93,60.13,59.46,60.05,61400
IDCC,29-Apr-2013,42.87,44.26,42.8,43.59,463900
IDRA,29-Apr-2013,0.72,0.74,0.72,0.73,43300
IDSA,29-Apr-2013,3.15,3.15,3.01,3.09,11100
IDSY,29-Apr-2013,5.69,5.69,5.39,5.5,113000
IDTI,29-Apr-2013,6.9,6.99,6.85,6.93,821800
IDXX,29-Apr-2013,44.23,44.535,44.07,44.18,749700
IEP,29-Apr-2013,74.3,75,70.53,72.95,185600
IESC,29-Apr-2013,5.85,5.88,5.85,5.85,300
IFEU,29-Apr-2013,32.02,32.47,32.02,32.21,1200
IFGL,29-Apr-2013,36.29,36.55,36.18,36.51,156100
IFON,29-Apr-2013,0.54,0.58,0.5,0.52,24400
IGLD,29-Apr-2013,2.9,2.91,2.83,2.85,4100
IGOV,29-Apr-2013,101.3,101.65,101.3,101.49,42500
III,29-Apr-2013,1.98,1.98,1.9,1.91,39900
IIIN,29-Apr-2013,16.27,16.92,16.27,16.57,27300
IIJI,29-Apr-2013,19.29,19.33,19.12,19.27,15600
IIN,29-Apr-2013,4.1,4.13,4.01,4.02,3200
IIVI,29-Apr-2013,15.57,15.65,15.31,15.51,275900
IKNX,29-Apr-2013,13.4,14.75,13.4,13.58,20500
ILMN,29-Apr-2013,62.69,64.47,62.4,64.39,1174700
IMGN,29-Apr-2013,16.33,16.45,15.64,16.03,701900
IMI,29-Apr-2013,9.18,9.18,8.5,8.81,114600
IMKTA,29-Apr-2013,21.26,21.8,21.21,21.25,19400
IMMR,29-Apr-2013,10.5,11.32,10.42,11.1,350000
IMMU,29-Apr-2013,2.52,2.53,2.48,2.51,198900
IMMY,29-Apr-2013,9.29,9.89,9.07,9.34,21200
IMOS,29-Apr-2013,14.82,14.82,14.48,14.69,178000
INAP,29-Apr-2013,8.15,8.19,7.76,7.82,455400
INBK,29-Apr-2013,15.3333,15.5667,15.3333,15.5667,700
INCY,29-Apr-2013,22.57,22.75,21.89,22.02,521300
INDB,29-Apr-2013,30.48,30.73,30.41,30.58,52000
INDY,29-Apr-2013,24.93,25.05,24.88,25.05,82300
INFI,29-Apr-2013,44.5,44.5,43.38,43.55,420100
INFN,29-Apr-2013,8.25,8.43,8.17,8.28,2058400
INOD,29-Apr-2013,3.32,3.34,3.23,3.29,57500
INSM,29-Apr-2013,9.64,9.88,9.35,9.64,208400
INTC,29-Apr-2013,23.42,23.83,23.4,23.76,102144000
INTG,29-Apr-2013,22.23,22.5,22.2,22.28,900
INTL,29-Apr-2013,16.76,16.87,16.62,16.68,19300
INTU,29-Apr-2013,59.5,61.1,59.38,60.94,4182600
INTX,29-Apr-2013,9.67,9.74,9.5,9.57,47000
INVE,29-Apr-2013,10,10.1,9.6,9.6,150800
INWK,29-Apr-2013,10.71,10.8,10.33,10.4,600600
IOSP,29-Apr-2013,43.3,43.92,43.3,43.81,27900
IPAR,29-Apr-2013,28.89,29.27,28.64,29.09,87100
IPAS,29-Apr-2013,1.84,1.86,1.8,1.81,38200
IPCC,29-Apr-2013,55.31,56.15,55.19,55.97,17000
IPCI,29-Apr-2013,2.1,2.2,2.08,2.2,69200
IPDN,29-Apr-2013,31.76,38.72,31.76,36.4,68500
IPGP,29-Apr-2013,61.91,62.95,61.43,61.56,509300
IPHS,29-Apr-2013,54.58,54.58,53.85,54.04,90200
IPXL,29-Apr-2013,17.25,17.66,17,17.54,436600
IRBT,29-Apr-2013,28.58,28.72,28.18,28.45,452800
IRDM,29-Apr-2013,6.73,6.73,6.65,6.69,339100
IRIX,29-Apr-2013,4.93,5.25,4.78,5.24,60100
IROQ,29-Apr-2013,15.31,15.31,15.25,15.25,4800
IRWD,29-Apr-2013,15.66,15.75,15.23,15.27,822300
ISBC,29-Apr-2013,7.5686,7.6157,7.549,7.5922,91600
ISCA,29-Apr-2013,32.5,32.73,32.36,32.6,111100
ISHG,29-Apr-2013,94.1,94.1,93.73,93.75,67500
ISIG,29-Apr-2013,2.04,2.05,1.95,1.95,8600
ISM,29-Apr-2013,24.58,24.6,24.32,24.6,8600
ISNS,29-Apr-2013,5.15,5.15,5.06,5.09,2400
ISRG,29-Apr-2013,488.2,491.25,480.45,489.16,315400
ISRL,29-Apr-2013,95.65,95.65,95.65,95.65,0
ISSC,29-Apr-2013,9.03,9.12,8.73,8.99,69600
ITIC,29-Apr-2013,69.33,70.6,69.33,70.6,1000
ITRI,29-Apr-2013,39.88,40.09,38.99,39.15,621500
ITRN,29-Apr-2013,15.98,16,15.97,15.99,24900
IVAC,29-Apr-2013,4.48,4.51,4.43,4.48,37900
IXYS,29-Apr-2013,9.14,9.23,9.05,9.06,23700
JACK,29-Apr-2013,35.73,35.98,35.55,35.6,303400
JAKK,29-Apr-2013,10.8,10.84,10.63,10.75,62400
JASO,29-Apr-2013,4.81,5.25,4.75,5.2,933300
JAZZ,29-Apr-2013,56.66,58.48,56.66,58.18,761800
JBHT,29-Apr-2013,71.83,72.74,70.83,72.23,904900
JBLU,29-Apr-2013,6.79,6.89,6.74,6.76,5627600
JBSS,29-Apr-2013,21,21.07,20.85,20.88,40600
JCOM,29-Apr-2013,40.38,40.7,40.18,40.61,349600
JCS,29-Apr-2013,9.94,9.94,9.68,9.9,8600
JCTCF,29-Apr-2013,8.625,8.995,8.625,8.985,2600
JJSF,29-Apr-2013,74.16,74.7,72.8,74.43,62800
JKHY,29-Apr-2013,44.9,45.33,44.7,45.13,270000
JMBA,29-Apr-2013,13.75,13.9,13.55,13.6,420300
JOBS,29-Apr-2013,28.59,28.925,28.325,28.785,35000
JOUT,29-Apr-2013,22.66,23.47,22.51,23.2,28100
JRJC,29-Apr-2013,1.35,1.38,1.32,1.32,42500
JSM,29-Apr-2013,24.91,24.94,24.64,24.75,41300
JVA,29-Apr-2013,6.7,6.79,6.57,6.73,29200
JXSB,29-Apr-2013,19.07,19.08,19.07,19.08,1000
KALU,29-Apr-2013,62.45,63.42,62.45,63.06,155200
KCAP,29-Apr-2013,10.93,11.01,10.85,10.94,393800
KELYA,29-Apr-2013,16.64,17.1,16.6,16.98,277100
KELYB,29-Apr-2013,21.19,21.19,21.19,21.19,0
KEQU,29-Apr-2013,12.49,13.15,12.49,13.15,3000
KERX,29-Apr-2013,8.17,8.38,8.1,8.2,1240200
KEYW,29-Apr-2013,13.76,13.97,13.7,13.84,176400
KFFB,29-Apr-2013,7.95,7.95,7.95,7.95,0
KFRC,29-Apr-2013,14.6,15.17,14.6,14.93,74100
KGJI,29-Apr-2013,1.25,1.26,1.21,1.25,61100
KINS,29-Apr-2013,5.28,5.28,5.22,5.25,2400
KIRK,29-Apr-2013,11.75,11.92,11.65,11.92,39900
KLAC,29-Apr-2013,51.78,53.25,51.73,53.11,3191600
KLIC,29-Apr-2013,11.12,11.23,11,11.15,566600
KNDI,29-Apr-2013,4.1,4.35,4,4.24,388800
KONA,29-Apr-2013,9.63,10.03,9.63,9.75,88000
KONE,29-Apr-2013,2.23,2.23,2.23,2.23,0
KOOL,29-Apr-2013,16.2,16.2,15.2,15.8,30900
KOPN,29-Apr-2013,3.16,3.31,3.15,3.24,138200
KOSS,29-Apr-2013,4.76,4.77,4.76,4.77,1200
KRNY,29-Apr-2013,9.9,10.03,9.83,9.9,7300
KTCC,29-Apr-2013,11.39,11.52,11.26,11.33,40800
KTEC,29-Apr-2013,12.35,12.35,12.35,12.35,0
KTOS,29-Apr-2013,5.15,5.2,5.08,5.18,159500
KVHI,29-Apr-2013,13.1,13.25,13.05,13.08,9800
LABL,29-Apr-2013,25.54,25.61,25.39,25.53,7700
LAKE,29-Apr-2013,3.97,4,3.85,4,17600
LAMR,29-Apr-2013,47.4,47.45,46.8,46.87,418200
LANC,29-Apr-2013,78.32,78.9,78.11,78.6,26000
LAND,29-Apr-2013,17,17.01,15.84,16.2,46300
LARK,29-Apr-2013,20.79,20.79,20.79,20.79,0
LAWS,29-Apr-2013,14.5,14.86,13.9,14.43,54100
LAYN,29-Apr-2013,20.52,20.85,19.78,20.42,411900
LBAI,29-Apr-2013,9.37,9.54,9.37,9.54,190100
LBIX,29-Apr-2013,3.31,3.32,3.31,3.31,1100
LBTYA,29-Apr-2013,37.7363,37.9356,37.3224,37.4502,1575100
LBTYB,29-Apr-2013,73.37,73.37,73.37,73.37,0
LBTYK,29-Apr-2013,68.77,68.98,68.19,68.31,523500
LCNB,29-Apr-2013,17.2,18.16,17.11,17.98,7500
LCUT,29-Apr-2013,12.84,13.75,12.84,13.62,33200
LECO,29-Apr-2013,52.4,52.84,52,52.61,383600
LEDS,29-Apr-2013,1.72,2.29,1.72,2.24,3153800
LFUS,29-Apr-2013,66.56,67.16,66.45,67,62900
LFVN,29-Apr-2013,15.68,16.17,15.68,15.89,303300
LGCY,29-Apr-2013,27.95,28.49,27.6,27.8,315700
LGND,29-Apr-2013,27.12,27.81,26.23,27.58,115500
LHCG,29-Apr-2013,21.63,22.2,21.54,21.81,26100
LIFE,29-Apr-2013,73.75,73.8,73.68,73.68,1818200
LINC,29-Apr-2013,5.81,5.82,5.61,5.63,39300
LION,29-Apr-2013,11.8,11.98,11.69,11.88,7500
LIVE,29-Apr-2013,1.0167,1.04,0.9733,0.9967,60000
LKFN,29-Apr-2013,17.7333,17.7867,17.5933,17.7867,10400
LKQ,29-Apr-2013,23.08,23.58,22.83,23.53,2020800
LLNW,29-Apr-2013,1.94,1.95,1.9,1.92,161700
LMAT,29-Apr-2013,6.04,6.3,6.04,6.06,6900
LMNR,29-Apr-2013,18.8,19.12,18.8,19.07,8700
LMNX,29-Apr-2013,16.43,16.45,16.3,16.43,66300
LNCE,29-Apr-2013,24.8,25.1,24.78,24.98,82400
LNDC,29-Apr-2013,13.5,13.79,13.5,13.76,56700
LOAN,29-Apr-2013,1.22,1.27,1.22,1.24,1000
LOGI,29-Apr-2013,6.3,6.34,6.26,6.28,316100
LOGM,29-Apr-2013,21.89,23.4,21.89,23.19,665300
LOPE,29-Apr-2013,25.54,25.83,25.19,25.71,414800
LORL,29-Apr-2013,61.18,61.81,61.01,61.41,48600
LPLA,29-Apr-2013,34.52,34.91,34.01,34.06,586400
LPNT,29-Apr-2013,47.73,49.78,47.25,47.62,1119500
LPSN,29-Apr-2013,12.7,12.95,12.67,12.75,215500
LPTH,29-Apr-2013,0.74,0.77,0.73,0.73,23000
LQDT,29-Apr-2013,33.58,33.69,32.39,32.98,858500
LRAD,29-Apr-2013,0.98,0.98,0.93,0.97,15200
LRCX,29-Apr-2013,45.75,45.87,45.42,45.58,3501000
LSBK,29-Apr-2013,11.5,11.5,11.5,11.5,0
LSCC,29-Apr-2013,4.71,4.8,4.68,4.72,1452300
LSTR,29-Apr-2013,53.42,54.38,53.4,53.94,358700
LTBR,29-Apr-2013,7.25,7.5,7.25,7.35,11000
LTRX,29-Apr-2013,2.11,2.11,2.11,2.11,500
LULU,29-Apr-2013,74.62,75.21,74.04,75.05,1336100
LUNA,29-Apr-2013,1.24,1.27,1.18,1.18,7400
LVNTA,29-Apr-2013,18.3931,18.4496,17.8894,18.0393,311200
LVNTB,29-Apr-2013,76.51,76.51,76.51,76.51,0
LWAY,29-Apr-2013,11.5,12.12,11.5,12.03,40800
LXRX,29-Apr-2013,15.89,15.89,12.88,14.21,4940200
LYTS,29-Apr-2013,6.82,7.15,6.82,7.09,36500
MACK,29-Apr-2013,5.34,5.38,5.11,5.11,411600
MAGS,29-Apr-2013,3.95,4.05,3.95,4.04,6700
MANH,29-Apr-2013,17.3,17.6475,17.2925,17.48,84600
MANT,29-Apr-2013,25.49,26.3,25.49,26.18,108500
MARK,29-Apr-2013,3.07,3.78,3.06,3.44,79600
MARPS,29-Apr-2013,14.59,14.59,14.59,14.59,100
MASI,29-Apr-2013,19.65,19.83,19.62,19.79,153500
MAT,29-Apr-2013,44.66,44.94,44.44,44.81,1636300
MATR,29-Apr-2013,4.84,4.94,4.81,4.84,15300
MATW,29-Apr-2013,35.81,36.18,35.67,36.02,54600
MAYS,29-Apr-2013,22.2,22.2,22.2,22.2,0
MBFI,29-Apr-2013,24.41,24.8,24.36,24.77,353100
MBTF,29-Apr-2013,4.06,4.1,3.86,4.09,20500
MBWM,29-Apr-2013,16.71,16.77,16.57,16.69,17400
MCBC,29-Apr-2013,5.77,5.99,5.73,5.94,96400
MCEP,29-Apr-2013,24.34,25.1,24.11,24.68,166300
MCHP,29-Apr-2013,35.65,36.05,35.53,35.96,1082100
MCHX,29-Apr-2013,3.9,4.11,3.81,4.06,65100
MCRI,29-Apr-2013,11.25,12.21,11.02,12.2,156500
MDCA,29-Apr-2013,16.25,17,15.95,16.89,373500
MDCO,29-Apr-2013,33.65,34.46,33.65,34.29,856600
MDIV,29-Apr-2013,22.21,22.31,22.16,22.3,517900
MDLZ,29-Apr-2013,31.52,31.66,31.35,31.62,7146100
MDRX,29-Apr-2013,13.81,13.96,13.79,13.83,1385700
MDSO,29-Apr-2013,29.19,33.295,29.025,32.645,1207000
MDXG,29-Apr-2013,6.8,6.88,6.61,6.77,647500
MEIP,29-Apr-2013,8.86,8.97,8.66,8.85,22500
MELI,29-Apr-2013,97.77,99.75,97.34,98.96,447700
MEOH,29-Apr-2013,42.4,43.18,42.2,43.05,687800
MERC,29-Apr-2013,6.32,6.4,6.24,6.3,88100
MFNC,29-Apr-2013,8.91,8.91,8.91,8.91,100
MFSF,29-Apr-2013,16.22,16.4,16,16.07,11500
MGCD,29-Apr-2013,7.05,7.25,7.01,7.25,4700
MGEE,29-Apr-2013,36.8533,37.3067,36.8533,37.0733,23300
MGIC,29-Apr-2013,5.39,5.5,5.39,5.47,53300
MGLN,29-Apr-2013,50.77,51.01,50.43,50.49,260100
MGPI,29-Apr-2013,4.9,4.91,4.72,4.87,2800
MGRC,29-Apr-2013,30.59,31.13,30.59,30.98,26100
MGYR,29-Apr-2013,5.22,5.22,5.22,5.22,0
MHLD,29-Apr-2013,10.17,10.34,10.12,10.25,180300
MICT,29-Apr-2013,4.3,4.8,4.22,4.44,70000
MICTW,29-Apr-2013,1.1,1.1,1.02,1.1,6000
MIDD,29-Apr-2013,50.0033,50.8567,49.7133,50.13,27900
MIND,29-Apr-2013,14.92,15.04,14.8,14.9,19100
MINI,29-Apr-2013,27.44,28.43,27.18,28.38,179200
MITK,29-Apr-2013,4.86,5.48,4.84,5.34,1619600
MITL,29-Apr-2013,3.6,3.67,3.6,3.65,5000
MKSI,29-Apr-2013,26.2,27.05,26.1,26.96,416000
MKTX,29-Apr-2013,43.18,43.18,42.07,42.25,382500
MLAB,29-Apr-2013,48.8,49.36,48.38,49.23,21400
MLHR,29-Apr-2013,24.91,25.1,24.88,25.02,244400
MLNK,29-Apr-2013,2.85,2.89,2.8,2.8,200400
MLNX,29-Apr-2013,51.8,52.15,50.84,51.44,547300
MLVF,29-Apr-2013,11.6,11.6,11.6,11.6,200
MMLP,29-Apr-2013,41.23,41.44,40.88,41.36,79200
MMSI,29-Apr-2013,9.82,9.97,9.66,9.72,379200
MMYT,29-Apr-2013,12.92,12.92,12.75,12.75,16600
MNDO,29-Apr-2013,1.88,1.88,1.86,1.87,18900
MNGA,29-Apr-2013,8.3,8.5,8.1,8.2,20000
MNKD,29-Apr-2013,20,20.45,19.55,19.6,2288100
MNOV,29-Apr-2013,2.74,2.85,2.62,2.82,87500
MNRO,29-Apr-2013,40.98,41.22,40.69,41,148800
MNST,29-Apr-2013,18.8833,18.9333,18.7633,18.8333,938700
MNTA,29-Apr-2013,12.87,12.89,12.75,12.8,185200
MNTX,29-Apr-2013,10.17,10.5,9.67,10.24,480100
MOFG,29-Apr-2013,23.71,24,23.5,23.86,4900
MORN,29-Apr-2013,65.63,65.92,65.09,65.85,43000
MOSY,29-Apr-2013,44,44.9,43.3,43.8,69100
MPAA,29-Apr-2013,6.04,6.49,5.9,6.17,45100
MPAC,29-Apr-2013,8.35,8.35,8.32,8.32,1500
MPB,29-Apr-2013,10.75,10.75,10.75,10.75,200
MPWR,29-Apr-2013,23.23,23.37,22.74,23.29,461800
MRCC,29-Apr-2013,15.1,15.39,15.1,15.15,7200
MRCY,29-Apr-2013,7.7,7.8,7.66,7.74,114400
MRLN,29-Apr-2013,23.34,23.53,23,23.53,3200
MRTN,29-Apr-2013,13.52,13.7533,13.48,13.5933,246100
MRVL,29-Apr-2013,10.53,10.76,10.53,10.64,6503900
MSBF,29-Apr-2013,7.01,7.01,7.01,7.01,0
MSCC,29-Apr-2013,21.1,21.2,20.78,20.83,494400
MSEX,29-Apr-2013,19.18,19.32,19.12,19.25,34200
MSFG,29-Apr-2013,13.16,13.16,12.88,12.96,17000
MSFT,29-Apr-2013,31.8,32.68,31.77,32.61,59116500
MSON,29-Apr-2013,5.88,5.9,5.6,5.65,27900
MSTR,29-Apr-2013,97.78,99.88,97.58,99.3,71900
MTEX,29-Apr-2013,7.5,7.5,7.5,7.5,100
MTGE,29-Apr-2013,25.97,26.3,25.91,26.3,1006300
MTRX,29-Apr-2013,15.03,15.05,14.95,15.01,108100
MTSC,29-Apr-2013,58.92,59.94,58.55,59.91,215600
MTSI,29-Apr-2013,13.91,13.98,13.8,13.94,10300
MTSL,29-Apr-2013,2.19,2.29,2.16,2.24,26900
MU,29-Apr-2013,9.48,9.5,9.34,9.35,17186500
MVIS,29-Apr-2013,2.1,2.12,2,2.05,143800
MXIM,29-Apr-2013,30.67,30.97,30.42,30.71,2663400
MXWL,29-Apr-2013,6.04,6.14,5.81,5.86,372400
MYGN,29-Apr-2013,27.54,27.74,27.21,27.58,729900
MYL,29-Apr-2013,29.3,29.51,28.99,29.01,4884600
MYRG,29-Apr-2013,22.35,22.86,22.15,22.77,63500
NAII,29-Apr-2013,4.73,4.73,4.3,4.53,93900
NANO,29-Apr-2013,14.05,14.11,13.9,14.03,100800
NATH,29-Apr-2013,43.74,44.45,43.3,44.22,13300
NATI,29-Apr-2013,27,27.18,26.36,27.1,803200
NATR,29-Apr-2013,14.28,14.69,14.27,14.55,7500
NAUH,29-Apr-2013,3.45,3.58,3.36,3.4,29700
NAVG,29-Apr-2013,28.525,28.68,28.425,28.56,23100
NBIX,29-Apr-2013,11.95,12.1,11.84,11.99,568100
NBN,29-Apr-2013,9.19,9.49,9.19,9.34,1800
NBTB,29-Apr-2013,20.09,20.18,19.91,20.09,89200
NCMI,29-Apr-2013,16.27,16.7,16.27,16.57,177300
NCTY,29-Apr-2013,2.83,2.85,2.74,2.79,126100
NDAQ,29-Apr-2013,29.09,29.17,28.88,29.1,1303400
NDSN,29-Apr-2013,68.24,68.92,67.61,68.74,165300
NEO,29-Apr-2013,4.03,4.04,3.74,3.8,319700
NEOG,29-Apr-2013,33.2067,33.7733,33.2067,33.6667,48600
NEON,29-Apr-2013,6,6,5.71,5.77,91600
NEPT,29-Apr-2013,2.6,2.7,2.6,2.62,339200
NETE,29-Apr-2013,37.3,37.4,37.3,37.3,1200
NEWS,29-Apr-2013,11.97,11.98,11.78,11.85,14400
NEWT,29-Apr-2013,10.5,10.5,9.5,10.15,24100
NFBK,29-Apr-2013,11.81,11.81,11.7,11.74,159600
NFEC,29-Apr-2013,0.69,0.73,0.69,0.72,2800
NFLX,29-Apr-2013,30.9443,31.1043,30.2871,30.7157,2969800
NICE,29-Apr-2013,34.38,34.78,34.22,34.67,87700
NICK,29-Apr-2013,14.75,14.75,14.6,14.71,17200
NIHD,29-Apr-2013,9.4,9.82,9.17,9.31,7270600
NKSH,29-Apr-2013,33.04,33.06,32.66,33.05,1600
NKTR,29-Apr-2013,11.14,11.23,10.97,11.08,399900
NLNK,29-Apr-2013,12.76,13.49,12.74,13.37,164500
NLST,29-Apr-2013,0.53,0.58,0.53,0.56,47500
NNBR,29-Apr-2013,8.75,8.97,8.59,8.86,32500
NRIM,29-Apr-2013,21.68,21.98,21.68,21.94,3900
NSEC,29-Apr-2013,8.18,8.18,8.18,8.18,0
NSIT,29-Apr-2013,17.41,17.93,17.41,17.79,189200
NSSC,29-Apr-2013,4.13,4.2,4.12,4.2,12200
NSYS,29-Apr-2013,3.49,3.49,3.49,3.49,1900
NTAP,29-Apr-2013,34.88,35.12,34.51,34.53,5291200
NTCT,29-Apr-2013,23.11,23.11,22.62,22.74,172000
NTES,29-Apr-2013,55.59,56.48,55.31,55.81,380000
NTGR,29-Apr-2013,28.82,29.5,28.32,29.33,421600
NTIC,29-Apr-2013,11.98,11.98,10.73,10.82,1500
NTRI,29-Apr-2013,8,8.06,7.95,7.98,107800
NTRS,29-Apr-2013,53.22,53.42,52.94,53.34,1156800
NTWK,29-Apr-2013,12.25,12.47,12.22,12.47,138800
NUAN,29-Apr-2013,22.93,23.38,22.75,23.3,4146100
NURO,29-Apr-2013,62.4,65.92,62.4,63.04,20800
NUVA,29-Apr-2013,20.61,21.1,20.49,20.95,361100
NVAX,29-Apr-2013,2.45,2.52,2.41,2.48,1043000
NVDA,29-Apr-2013,13.48,13.62,13.37,13.57,6742700
NVEC,29-Apr-2013,52.76,52.9,52.39,52.78,18800
NVMI,29-Apr-2013,8.83,8.97,8.73,8.82,30800
NWBI,29-Apr-2013,12.49,12.59,12.42,12.53,522800
NWFL,29-Apr-2013,30.9,31,30.9,31,2400
NWLI,29-Apr-2013,181,182.5,179.53,181.12,1600
NWPX,29-Apr-2013,26.66,27.32,26.63,27.06,14200
NWS,29-Apr-2013,31.22,31.45,31.06,31.07,1265700
NWSA,29-Apr-2013,31.19,31.42,30.94,30.99,8716000
NXPI,29-Apr-2013,27.35,28.01,27.04,27.6,2224600
NXST,29-Apr-2013,24.64,24.81,23.52,24.01,664800
NXTM,29-Apr-2013,10.96,11.04,10.89,11.03,239100
NYMT,29-Apr-2013,7.36,7.45,7.35,7.38,1048300
NYMX,29-Apr-2013,4.9,5.51,4.75,5.39,125700
NYNY,29-Apr-2013,9.7,9.8,9.6,9.65,1400
OBAS,29-Apr-2013,4.99,4.99,4.87,4.9,1500
OBCI,29-Apr-2013,2.74,2.82,2.63,2.64,15900
OCC,29-Apr-2013,4.14,4.27,4.12,4.2,10700
OCFC,29-Apr-2013,13.95,14.15,13.95,14.08,26600
OCLR,29-Apr-2013,1.37,1.41,1.35,1.38,786700
ODFL,29-Apr-2013,38.28,38.58,38.12,38.52,362300
OFED,29-Apr-2013,15.72,15.72,15.44,15.72,500
OFIX,29-Apr-2013,32.09,32.59,31.88,32.36,199500
OFLX,29-Apr-2013,13.72,13.72,13.25,13.5,1500
OFS,29-Apr-2013,13.89,14,13.81,13.88,25300
OIIM,29-Apr-2013,3.25,3.44,3.25,3.29,51000
OLBK,29-Apr-2013,12.45,12.45,12.15,12.38,9100
OMAB,29-Apr-2013,30.99,31.06,29.87,30.45,36300
OMCL,29-Apr-2013,17.39,17.5,17.24,17.31,189800
OMER,29-Apr-2013,4.06,4.18,4.02,4.12,191400
OMEX,29-Apr-2013,34.8,35.4,34.56,34.68,329300
ONEQ,29-Apr-2013,129.32,130.57,129.12,130.24,5800
OPHC,29-Apr-2013,15.6,16,14.8,16,9100
OPOF,29-Apr-2013,12.26,12.26,12.26,12.26,600
OPTT,29-Apr-2013,15.4,15.5,15.3,15.3,15700
ORBC,29-Apr-2013,4.49,4.8,4.42,4.63,200600
ORBK,29-Apr-2013,10.3,10.3,9.93,10.22,21800
OREX,29-Apr-2013,63.8,64,62.1,62.9,575300
ORIG,29-Apr-2013,16.39,16.5,16.19,16.38,97500
ORIT,29-Apr-2013,15.32,15.45,15.32,15.36,72900
ORLY,29-Apr-2013,106.81,108.17,106.55,107.69,920100
ORMP,29-Apr-2013,8.18,8.94,8.18,8.84,23400
ORRF,29-Apr-2013,14.84,14.95,14.76,14.81,3000
OSBC,29-Apr-2013,4.24,4.78,4.24,4.52,184900
OSBCP,29-Apr-2013,9.92,9.92,9.76,9.8,6700
OSIS,29-Apr-2013,57.35,58.27,56.81,56.84,248600
OSN,29-Apr-2013,2.07,2.13,2.07,2.1,1300
OSTK,29-Apr-2013,20.73,20.88,20.53,20.79,254100
OSUR,29-Apr-2013,4.38,4.38,4.3,4.34,691600
OTEX,29-Apr-2013,15.9425,16.1275,15.93,16.0125,235500
OTIV,29-Apr-2013,0.89,0.89,0.86,0.89,47400
OTTR,29-Apr-2013,30.99,31.19,30.93,31.16,56800
OVBC,29-Apr-2013,19,19.2,19,19.04,1100
OVLY,29-Apr-2013,8.1,8.1,7.8,7.8,600
OXLC,29-Apr-2013,16.65,16.65,16.6,16.64,34900
OZRK,29-Apr-2013,20.48,20.64,20.415,20.51,146500
PAAS,29-Apr-2013,12.87,13.1,12.73,12.74,1814600
PACB,29-Apr-2013,2.55,2.62,2.43,2.56,279900
PACW,29-Apr-2013,27.2,27.65,27.13,27.63,80700
PAGG,29-Apr-2013,31.31,31.5,31.13,31.49,21700
PANL,29-Apr-2013,32.1,32.7,31.75,32,524900
PATK,29-Apr-2013,12.3667,13.4667,12.34,13.3267,248400
PAYX,29-Apr-2013,35.98,36.25,35.83,36.13,1418900
PBCT,29-Apr-2013,13.05,13.18,13.03,13.1,2910200
PBHC,29-Apr-2013,13.5,13.65,13.5,13.65,400
PBIB,29-Apr-2013,0.9,0.9,0.89,0.9,23200
PBIP,29-Apr-2013,8.46,8.46,8.46,8.46,0
PBSK,29-Apr-2013,15.05,15.05,15.05,15.05,0
PCAR,29-Apr-2013,49.56,50.03,49.53,49.83,1131100
PCH,29-Apr-2013,47.98,47.98,47.35,47.52,195500
PCLN,29-Apr-2013,704.19,709.05,697.06,699.43,572800
PCMI,29-Apr-2013,7.27,7.63,7.26,7.37,40600
PCOM,29-Apr-2013,17.69,17.7,17.04,17.18,29900
PCRX,29-Apr-2013,28.31,29.5,28.3,28.92,227100
PCTI,29-Apr-2013,6.74,6.86,6.71,6.79,5200
PCYO,29-Apr-2013,5.93,5.93,5.73,5.9,23600
PDCE,29-Apr-2013,45.22,45.35,43.46,43.57,546000
PDCO,29-Apr-2013,37.47,37.74,37.47,37.7,220700
PDEX,29-Apr-2013,2,2.05,2,2.04,10800
PDFS,29-Apr-2013,16.5,17.08,16.17,16.99,100100
PDLI,29-Apr-2013,7.74,7.79,7.67,7.79,2024400
PEBK,29-Apr-2013,11.68,11.75,11.68,11.75,900
PEBO,29-Apr-2013,20.15,20.21,19.99,20.14,9600
PEGA,29-Apr-2013,12.705,12.77,12.635,12.7,104200
PEIX,29-Apr-2013,4.2,4.35,4.2,4.2,1813100
PENN,29-Apr-2013,58.09,58.81,58.09,58.38,403800
PERI,29-Apr-2013,12.15,12.32,11.9,11.96,150600
PERY,29-Apr-2013,17.81,17.81,17.4,17.51,57100
PESI,29-Apr-2013,3.85,4,3.8,3.9,13200
PETS,29-Apr-2013,12.6,12.95,12.6,12.72,88000
PFBC,29-Apr-2013,15.81,16.21,15.81,16.18,10200
PFBI,29-Apr-2013,12.2,12.29,12.12,12.23,5400
PFIN,29-Apr-2013,8.3,8.34,8.02,8.03,23200
PFLT,29-Apr-2013,14.02,14.18,13.99,14.18,85100
PFMT,29-Apr-2013,10.65,10.75,10.51,10.53,484800
PFPT,29-Apr-2013,18.77,19.15,18.44,18.48,351200
PFSW,29-Apr-2013,4.24,4.34,4.2,4.3,41900
PGC,29-Apr-2013,14.44,14.5,14.33,14.46,2500
PGNX,29-Apr-2013,4.8,4.8,4.53,4.54,243300
PHII,29-Apr-2013,27,27,26.5,26.5,1600
PHIIK,29-Apr-2013,27.69,28.12,27.26,27.43,17800
PICO,29-Apr-2013,21.76,21.93,21.54,21.63,62500
PKBK,29-Apr-2013,8,8,7.86,7.99,5100
PKOH,29-Apr-2013,35.87,36.89,35.87,36.75,30000
PLAB,29-Apr-2013,7.56,7.93,7.54,7.93,756600
PLBC,29-Apr-2013,4.81,4.96,4.75,4.75,900
PLCE,29-Apr-2013,47.87,48.75,47.82,48.14,233100
PLPC,29-Apr-2013,79.07,79.25,77.56,79.25,11000
PLUG,29-Apr-2013,0.16,0.16,0.16,0.16,182900
PLUS,29-Apr-2013,22.315,22.605,22.315,22.55,4800
PLXS,29-Apr-2013,26.52,26.82,26.32,26.73,99900
PMBC,29-Apr-2013,6.02,6.05,5.81,6.04,91500
PMD,29-Apr-2013,11.11,11.21,11.06,11.19,7600
PNBK,29-Apr-2013,14.6,14.8,13.2,14.8,4500
PNFP,29-Apr-2013,24.07,24.25,23.95,24.2,56800
PNNT,29-Apr-2013,11.5,11.61,11.45,11.6,408000
PNQI,29-Apr-2013,45.94,46.07,45.83,45.83,10000
PNRG,29-Apr-2013,30.53,30.53,29.7,29.7,1100
PNTR,29-Apr-2013,2.9,2.9,2.9,2.9,200
PODD,29-Apr-2013,25.46,25.51,24.32,25.46,763100
POOL,29-Apr-2013,48.9,49.2,48.83,49.1,103400
POPE,29-Apr-2013,61.88,61.88,61.8,61.8,300
POWI,29-Apr-2013,39.52,40.96,39.43,40.93,205500
POWL,29-Apr-2013,48.62,49.76,48.62,49.41,22900
PPBI,29-Apr-2013,12.13,12.27,12.07,12.16,38800
PPC,29-Apr-2013,9.65,9.93,9.5,9.8,1368400
PPHM,29-Apr-2013,1.45,1.48,1.4,1.41,1774300
PRAA,29-Apr-2013,40.5833,40.8433,40.1233,40.6667,46000
PRAN,29-Apr-2013,13.08,13.32,13.08,13.2,28400
PRCP,29-Apr-2013,6.6,6.8,6.6,6.8,8300
PRFT,29-Apr-2013,10.43,10.45,10.25,10.3,88400
PRFZ,29-Apr-2013,77,77.5,77,77.35,17700
PRGS,29-Apr-2013,21.83,22.18,21.83,22.02,274000
PRGX,29-Apr-2013,5.54,5.66,5.47,5.59,219900
PRIM,29-Apr-2013,21.85,22.11,21.67,21.99,201100
PRKR,29-Apr-2013,38.6,39.3,37.5,39.1,477800
PRMW,29-Apr-2013,1.28,1.28,1.2,1.23,34400
PROV,29-Apr-2013,16,16.1,16,16.07,33600
PRPH,29-Apr-2013,1.47,1.58,1.42,1.58,11900
PRSC,29-Apr-2013,17.68,17.68,17.23,17.28,16700
PRSS,29-Apr-2013,6.04,6.14,6.02,6.09,15700
PRTA,29-Apr-2013,8.25,8.35,8.25,8.35,14500
PRTS,29-Apr-2013,1.23,1.28,1.23,1.28,43900
PSAU,29-Apr-2013,24.77,24.9,24.77,24.85,5300
PSCC,29-Apr-2013,39.99,40.41,39.99,40.3,3000
PSCD,29-Apr-2013,37.8,38.11,37.8,37.89,7100
PSCE,29-Apr-2013,38.6,38.6,38.5,38.56,1100
PSCF,29-Apr-2013,34.67,34.76,34.61,34.67,4700
PSCH,29-Apr-2013,39.23,39.55,39.23,39.46,7600
PSCI,29-Apr-2013,34.41,34.57,34.41,34.52,2300
PSCM,29-Apr-2013,34.19,34.19,34.19,34.19,600
PSCT,29-Apr-2013,32.75,33.07,32.65,33.01,7400
PSCU,29-Apr-2013,33.71,33.92,33.71,33.92,2500
PSDV,29-Apr-2013,2.22,2.31,2.16,2.26,694900
PSEC,29-Apr-2013,10.89,10.96,10.86,10.94,2395800
PSMT,29-Apr-2013,89.43,90.54,88.49,88.92,129900
PSTI,29-Apr-2013,3.09,3.16,3.04,3.14,131300
PTEN,29-Apr-2013,21.12,21.48,20.83,21.2,2807200
PTIE,29-Apr-2013,23.59,25.13,22.82,22.89,203300
PTNR,29-Apr-2013,6.84,6.98,6.83,6.94,52000
PTSI,29-Apr-2013,10.17,10.45,10.17,10.45,800
PTX,29-Apr-2013,3.44,3.58,3.42,3.5,12800
PWOD,29-Apr-2013,40.08,40.58,39.47,40.4,7000
PXLW,29-Apr-2013,2.31,2.32,2.25,2.3,21700
PZZA,29-Apr-2013,31.095,31.575,31,31.395,354800
QABA,29-Apr-2013,27.04,27.59,27.04,27.59,1300
QADA,29-Apr-2013,12.47,12.47,12.08,12.18,3200
QADB,29-Apr-2013,10.56,10.89,10.56,10.6,800
QBAK,29-Apr-2013,11.1,11.1,10.86,10.86,500
QCLN,29-Apr-2013,11.83,11.95,11.7,11.92,50200
QCOM,29-Apr-2013,61.8,62.11,61.52,61.61,22798000
QCRH,29-Apr-2013,16.25,16.5,16,16.1,13500
QDEL,29-Apr-2013,21.98,22.34,21.98,22.17,199700
QLYS,29-Apr-2013,10.84,11,10.84,11,43800
QNST,29-Apr-2013,6.45,6.64,6.41,6.51,45500
QQEW,29-Apr-2013,29.48,29.67,29.47,29.58,60000
QQQ,29-Apr-2013,69.78,70.48,69.76,70.21,31652800
QQQC,29-Apr-2013,14.54,14.6,14.51,14.56,1100
QQQX,29-Apr-2013,15.61,15.84,15.61,15.69,59800
QQXT,29-Apr-2013,28.92,28.97,28.8,28.88,9800
QSII,29-Apr-2013,18.01,18.24,17.78,17.82,248500
QTEC,29-Apr-2013,27.89,28.2,27.89,28.13,27500
QUIK,29-Apr-2013,2.43,2.51,2.4,2.44,136100
RADA,29-Apr-2013,2.1,2.24,2.1,2.24,400
RAIL,29-Apr-2013,21.02,21.02,20.56,20.9,35300
RAND,29-Apr-2013,3,3,2.82,3,3100
RAVN,29-Apr-2013,32.9,33.16,32.66,33.1,40100
RBCAA,29-Apr-2013,20.72,21.48,20.72,21.37,18700
RBCN,29-Apr-2013,73.1,76.2,73,74.5,412200
RCII,29-Apr-2013,34.39,34.87,34.09,34.46,854600
RCKY,29-Apr-2013,14.24,14.48,14.04,14.48,36500
RCMT,29-Apr-2013,5.78,5.97,5.72,5.72,11700
RCON,29-Apr-2013,2.05,2.06,2.04,2.04,12300
RDCM,29-Apr-2013,3.05,3.05,3.05,3.05,800
RDHL,29-Apr-2013,10.09,10.5,10.01,10.46,4400
RDI,29-Apr-2013,5.67,5.69,5.65,5.68,22600
RDIB,29-Apr-2013,6.66,6.66,6.66,6.66,0
RDNT,29-Apr-2013,2.8,2.82,2.73,2.77,32000
RDWR,29-Apr-2013,14.31,14.81,14.27,14.76,294200
RECN,29-Apr-2013,10.99,11.18,10.94,11.18,121000
REFR,29-Apr-2013,4.18,4.22,4.17,4.2,19000
REGI,29-Apr-2013,9.99,10.01,9.52,9.79,380500
REGN,29-Apr-2013,217.72,219.13,215.32,215.48,1148400
REIS,29-Apr-2013,15.98,16.12,15.73,16.04,13700
RELL,29-Apr-2013,11.54,11.75,11.53,11.68,27800
RELV,29-Apr-2013,9.1,9.1,9.1,9.1,700
REXX,29-Apr-2013,165.1,165.6,160.3,163.3,456100
RFIL,29-Apr-2013,6.1,6.18,6.03,6.08,74200
RGCO,29-Apr-2013,13.6267,13.6267,13.6267,13.6267,200
RGEN,29-Apr-2013,8.91,9.02,8.84,8.96,198100
RGLD,29-Apr-2013,53.69,55.13,53.69,54.42,790200
RGLS,29-Apr-2013,7.08,7.14,6.91,6.96,46700
RICK,29-Apr-2013,8.5,8.6,8.36,8.47,18800
RIGL,29-Apr-2013,4.8,4.87,4.74,4.8,541100
RLJE,29-Apr-2013,12,12,12,12,45900
RLOG,29-Apr-2013,5.65,5.8,5.57,5.71,45800
RMBS,29-Apr-2013,6.66,7,6.65,6.82,1091700
RMCF,29-Apr-2013,12.27,12.28,12.12,12.19,21700
RMGN,29-Apr-2013,18,18,16.04,16.55,3600
RMTI,29-Apr-2013,4.03,4.13,4.03,4.1,141000
RNET,29-Apr-2013,23.75,24.06,23.63,23.75,22400
RNST,29-Apr-2013,22.28,22.7,22.28,22.58,73800
RNWK,29-Apr-2013,7.66,7.75,7.4,7.58,40000
ROCK,29-Apr-2013,18.9,19.12,18.83,18.98,51800
ROIC,29-Apr-2013,14.66,14.8,14.52,14.8,539300
ROLL,29-Apr-2013,48.2,48.67,48,48.49,35100
ROSE,29-Apr-2013,42.77,43.12,42.45,42.7,597700
ROSG,29-Apr-2013,3.41,3.47,3.34,3.35,83100
ROST,29-Apr-2013,32.625,32.985,32.6,32.86,1832800
RP,29-Apr-2013,20.54,20.7,20.18,20.34,207300
RPRX,29-Apr-2013,19.83,20.57,19.72,20.54,511800
RPXC,29-Apr-2013,13.36,13.36,13.15,13.3,177700
RRGB,29-Apr-2013,46.66,46.67,46.2,46.39,49400
RSYS,29-Apr-2013,4.95,5.04,4.89,4.96,67000
RTIX,29-Apr-2013,3.87,3.87,3.75,3.84,219300
RUSHA,29-Apr-2013,22.58,22.96,22.51,22.88,52400
RUSHB,29-Apr-2013,19.55,19.71,19.55,19.65,11300
RUTH,29-Apr-2013,9.73,9.86,9.71,9.74,149500
RVLT,29-Apr-2013,35.4,40.1,35.1,40.1,3003600
RVSB,29-Apr-2013,2.6,2.65,2.54,2.59,48600
RYAAY,29-Apr-2013,43.29,43.55,43.2,43.38,153500
SAFM,29-Apr-2013,60.53,61.36,60.51,61,175300
SAFT,29-Apr-2013,48.84,49.21,48.7,48.92,15200
SAIA,29-Apr-2013,26.7933,27.0533,26.2,26.4933,154200
SAL,29-Apr-2013,26.45,26.45,26.45,26.45,100
SALM,29-Apr-2013,9.1,9.22,8.98,9.11,60800
SANM,29-Apr-2013,12.48,12.98,12.4,12.63,602800
SANW,29-Apr-2013,8.49,8.89,8.49,8.59,92300
SASR,29-Apr-2013,20.35,20.4,20.19,20.33,26500
SATS,29-Apr-2013,39.24,39.45,38.81,38.91,65200
SBAC,29-Apr-2013,78.15,78.5,77.53,77.87,1313500
SBBX,29-Apr-2013,6.2,6.48,6.2,6.46,3700
SBCF,29-Apr-2013,10.15,10.6,9.75,10.5,255600
SBFG,29-Apr-2013,8.5,8.75,8.5,8.6,6100
SBGI,29-Apr-2013,25.4,26.88,24.55,26.69,2682200
SBLK,29-Apr-2013,30.4,31.75,30.4,31.3,4800
SBNY,29-Apr-2013,72.62,72.92,70.95,71.21,590900
SBNYW,29-Apr-2013,42.31,42.31,42.31,42.31,100
SBRA,29-Apr-2013,29.1,29.23,28.98,29.03,280700
SBRAP,29-Apr-2013,25.7,25.7,25.61,25.66,12600
SBSI,29-Apr-2013,21.12,21.37,21.02,21.13,49700
SBUX,29-Apr-2013,30.175,30.46,30.065,30.29,3678000
SCHL,29-Apr-2013,26.66,27.49,26.47,27.37,161400
SCHN,29-Apr-2013,24.04,24.22,23.66,23.94,314900
SCMP,29-Apr-2013,9.3,9.84,9.13,9.38,485000
SCON,29-Apr-2013,61.2,63.6,60,62.25,284900
SCSC,29-Apr-2013,28,28.9,27.78,28.65,131000
SCVL,29-Apr-2013,20.87,21.04,20.45,20.75,58200
SEAC,29-Apr-2013,10.73,10.87,10.73,10.79,80400
SEED,29-Apr-2013,1.75,1.77,1.72,1.75,29700
SEIC,29-Apr-2013,27.59,28.16,27.52,28.07,689100
SENEA,29-Apr-2013,33.07,33.36,32.7,32.9,10100
SENEB,29-Apr-2013,33.66,33.66,33.66,33.66,0
SFBC,29-Apr-2013,12.5,12.5,12.5,12.5,2600
SFLY,29-Apr-2013,44.84,44.84,44.05,44.23,478000
SFNC,29-Apr-2013,24.69,24.79,24.42,24.5,17300
SFST,29-Apr-2013,10.9,10.99,10.8,10.8,12100
SGC,29-Apr-2013,11.82,11.82,11.82,11.82,0
SGEN,29-Apr-2013,37.7,38.18,37.53,37.8,575900
SGMA,29-Apr-2013,4.1,4.16,4.09,4.15,7000
SGMO,29-Apr-2013,10.52,10.54,10.24,10.38,402700
SGMS,29-Apr-2013,8.79,8.99,8.57,8.89,296200
SGOC,29-Apr-2013,4.44,4.52,4.32,4.52,49600
SGRP,29-Apr-2013,1.94,2.04,1.92,1.99,11400
SGYP,29-Apr-2013,5.15,5.47,5.13,5.39,1260200
SHBI,29-Apr-2013,6.81,6.81,6.81,6.81,2700
SHEN,29-Apr-2013,8.085,8.165,8.01,8.045,61000
SHIP,29-Apr-2013,7.4,7.4,6.9,7,26800
SHLD,29-Apr-2013,51.68,51.99,49.8,49.92,533300
SHLM,29-Apr-2013,25.35,25.84,25.32,25.63,113000
SHLO,29-Apr-2013,9.52,9.85,9.52,9.85,6200
SHOO,29-Apr-2013,31.34,32.0267,31.34,31.8533,294100
SHOS,29-Apr-2013,44.44,44.73,44.12,44.12,15400
SHPG,29-Apr-2013,93.47,94.45,93.36,94.3,483800
SIEB,29-Apr-2013,1.46,1.46,1.41,1.41,300
SIFI,29-Apr-2013,11.55,11.79,11.55,11.59,84300
SIFY,29-Apr-2013,1.89,1.95,1.88,1.92,61900
SIGI,29-Apr-2013,23.36,23.57,23.25,23.47,87400
SIGM,29-Apr-2013,4.75,4.78,4.65,4.71,69100
SILC,29-Apr-2013,30.85,30.95,30.5,30.84,39400
SIMO,29-Apr-2013,10.91,11.14,10.73,10.88,523400
SINA,29-Apr-2013,59.53,60.81,54.77,55.03,16689100
SINO,29-Apr-2013,1.55,1.58,1.55,1.57,4100
SIRI,29-Apr-2013,3.14,3.15,3.06,3.07,46994600
SIVB,29-Apr-2013,70,71.26,69.61,71.06,274300
SKYW,29-Apr-2013,14.11,14.29,13.91,14.1,234600
SKYY,29-Apr-2013,20.84,21,20.82,20.95,18000
SLAB,29-Apr-2013,39.56,39.64,39.3,39.47,200100
SLGN,29-Apr-2013,23.81,23.945,23.505,23.845,286400
SLM,29-Apr-2013,7.3536,7.375,7.2821,7.3321,2347300
SLMBP,29-Apr-2013,60.75,60.75,60.5,60.75,800
SLP,29-Apr-2013,4,4,3.94,3.96,72300
SLRC,29-Apr-2013,23.7,24.07,23.57,23.89,312500
SLVO,29-Apr-2013,20.62,20.7,20.6,20.69,1500
SMBC,29-Apr-2013,12.38,12.38,12.38,12.38,100
SMCI,29-Apr-2013,9.77,9.88,9.66,9.72,93800
SMED,29-Apr-2013,3.15,3.15,3.08,3.12,20400
SMIT,29-Apr-2013,2.98,3,2.73,2.74,2700
SMMF,29-Apr-2013,7.78,8.32,7.72,8.32,7200
SMPL,29-Apr-2013,14.98,15.17,14.98,15.15,1600
SMRT,29-Apr-2013,8.1,8.12,8.03,8.07,34100
SMSI,29-Apr-2013,5.76,5.96,5.68,5.72,58400
SMTC,29-Apr-2013,31.26,31.84,31.12,31.7,317100
SMTX,29-Apr-2013,2.29,2.3,2.21,2.25,13400
SNBC,29-Apr-2013,16.15,16.4,16.05,16.1,37200
SNCR,29-Apr-2013,27.12,28.09,27.12,27.99,217500
SNFCA,29-Apr-2013,7.23,8.1,7.23,8.07,303300
SNHY,29-Apr-2013,32.45,32.75,32.19,32.63,24700
SNMX,29-Apr-2013,1.96,2.16,1.96,2.04,570800
SNPS,29-Apr-2013,35.34,35.34,35,35.11,735100
SNSS,29-Apr-2013,33.78,34.5,33.3,34.26,244700
SOCL,29-Apr-2013,14.75,14.79,14.62,14.64,25700
SODA,29-Apr-2013,53.95,54.18,53.22,53.64,446500
SOFO,29-Apr-2013,6.87,6.99,6.77,6.99,2600
SOHO,29-Apr-2013,4.12,4.33,4.11,4.2,16100
SOHU,29-Apr-2013,52.36,52.69,49.74,50.66,1401800
SONA,29-Apr-2013,10.26,10.43,10,10.07,34900
SONC,29-Apr-2013,12.72,12.86,12.46,12.49,588600
SORL,29-Apr-2013,2.79,2.79,2.66,2.77,25300
SOXX,29-Apr-2013,59.1,59.93,59.09,59.79,120100
SPAR,29-Apr-2013,5.18,5.21,5.16,5.21,131500
SPEX,29-Apr-2013,143.26,143.26,143.26,143.26,300
SPIL,29-Apr-2013,6.06,6.16,6.03,6.15,1284900
SPLK,29-Apr-2013,41.69,41.86,41.21,41.73,924000
SPNS,29-Apr-2013,5.78,5.84,5.72,5.78,50500
SPPI,29-Apr-2013,7.5,7.59,7.31,7.37,783600
SPRO,29-Apr-2013,1.57,1.57,1.57,1.57,1000
SPRT,29-Apr-2013,3.99,3.99,3.94,3.97,113700
SPSC,29-Apr-2013,46.4,48.52,46.01,47.7,66100
SPTN,29-Apr-2013,16.79,17.09,16.63,16.77,63100
SPWR,29-Apr-2013,13.37,14.35,13.35,13.66,6988900
SQQQ,29-Apr-2013,503.68,503.68,488.48,494.24,2169400
SRCE,29-Apr-2013,23.26,23.46,23.09,23.37,16100
SRCL,29-Apr-2013,108.57,108.57,107.8,108.41,299600
SRDX,29-Apr-2013,25.82,25.98,25.42,25.69,68400
SREV,29-Apr-2013,6.27,6.47,6.24,6.37,292700
SRPT,29-Apr-2013,29.9,30.68,29.37,29.94,1592100
SSBI,29-Apr-2013,8.21,8.59,8.21,8.4,2900
SSFN,29-Apr-2013,5.14,5.14,4.99,5.03,2100
SSNC,29-Apr-2013,29.6,30.15,29.6,29.8,195700
SSYS,29-Apr-2013,76.65,79.75,76,79,491900
STAA,29-Apr-2013,6.68,6.86,6.68,6.83,73500
STB,29-Apr-2013,6.48,6.51,6.43,6.46,68100
STBA,29-Apr-2013,18.48,18.77,18.48,18.64,38500
STBZ,29-Apr-2013,14.5,14.72,14.44,14.55,47300
STFC,29-Apr-2013,16.9,16.99,16.76,16.98,36200
STKL,29-Apr-2013,7.43,7.45,7.3,7.32,156600
STLD,29-Apr-2013,14.79,14.98,14.64,14.91,1768600
STLY,29-Apr-2013,3.98,4.04,3.81,3.97,36200
STML,29-Apr-2013,13.49,14.5,13.4,14.04,202900
STMP,29-Apr-2013,32.53,33.5,32.31,33.02,338600
STPP,29-Apr-2013,33.04,33.05,33.02,33.05,1500
STRA,29-Apr-2013,48.03,48.59,47.44,47.54,161700
STRL,29-Apr-2013,10.2,10.23,10.07,10.14,35000
STRM,29-Apr-2013,6.25,6.4,6.04,6.3,57800
STRS,29-Apr-2013,15.5,15.5,15.3,15.49,5000
STRT,29-Apr-2013,38.1,38.8,37.32,38.74,11600
STX,29-Apr-2013,36.46,36.73,35.86,36.22,4811500
SUMR,29-Apr-2013,2.89,2.95,2.81,2.93,58700
SUNS,29-Apr-2013,19.04,19.34,19.04,19.15,20700
SUPN,29-Apr-2013,5.05,5.15,4.95,5.15,700100
SVA,29-Apr-2013,3.64,3.78,3.63,3.69,289100
SVBI,29-Apr-2013,4.27,4.36,4.17,4.26,20600
SVVC,29-Apr-2013,18.52,18.71,18.5,18.54,30500
SWIR,29-Apr-2013,11.4,11.5,11.02,11.18,50100
SWKS,29-Apr-2013,21.66,22.35,21.31,22.05,5946300
SYBT,29-Apr-2013,14.8267,15.1067,14.8,15.1,22000
SYKE,29-Apr-2013,14.83,14.85,14.64,14.67,78100
SYMC,29-Apr-2013,24.45,24.74,24.42,24.59,7026200
SYNA,29-Apr-2013,42.31,42.99,42.12,42.57,1201900
SYNC,29-Apr-2013,2.84,2.93,2.82,2.88,134800
SYNL,29-Apr-2013,14,14.18,13.95,13.95,5600
SYNT,29-Apr-2013,31.475,31.82,31.375,31.675,74500
SYPR,29-Apr-2013,3.22,3.22,3.16,3.2,58400
TACT,29-Apr-2013,7.6,7.62,7.45,7.6,2800
TAIT,29-Apr-2013,1.05,1.05,1.03,1.03,5000
TAST,29-Apr-2013,4.73,4.79,4.69,4.76,71000
TATT,29-Apr-2013,6.35,6.49,6.35,6.49,400
TAX,29-Apr-2013,16.85,17.14,16.84,17.14,2600
TAYD,29-Apr-2013,8.13,8.13,7.96,7.96,3700
TBBK,29-Apr-2013,12.95,13.04,12.76,12.86,67900
TBNK,29-Apr-2013,23.16,23.4,23.14,23.37,13100
TCBI,29-Apr-2013,41.33,41.77,40.94,41.35,404200
TCBIL,29-Apr-2013,25.32,25.32,25.32,25.32,1000
TCBIP,29-Apr-2013,25.03,25.09,25,25.05,42100
TCBK,29-Apr-2013,16.33,16.64,16.27,16.37,14100
TCCO,29-Apr-2013,6.8,6.8,6.24,6.39,2500
TCPC,29-Apr-2013,15.76,15.95,15.63,15.83,70300
TCRD,29-Apr-2013,15.1,15.48,15.1,15.23,245000
TCX,29-Apr-2013,8.32,8.4,8.12,8.4,156000
TDIV,29-Apr-2013,21.33,21.61,21.27,21.57,269500
TECD,29-Apr-2013,44.98,45.82,44.98,45.77,172400
TECH,29-Apr-2013,64.18,64.53,64.08,64.35,71900
TESS,29-Apr-2013,20.02,20.29,19.39,20.22,9100
TFSL,29-Apr-2013,10.66,10.83,10.65,10.8,303000
TGA,29-Apr-2013,7.98,8.09,7.87,8.06,42200
THFF,29-Apr-2013,29.72,30.59,29.72,30.51,14900
THRM,29-Apr-2013,15.09,15.45,14.97,15.35,108200
TICC,29-Apr-2013,9.99,10.13,9.95,10.1,641600
TILE,29-Apr-2013,17.28,17.49,16.95,17.06,919000
TISA,29-Apr-2013,3.16,3.2,3.12,3.18,6300
TITN,29-Apr-2013,22.31,22.89,22.07,22.6,633500
TIVO,29-Apr-2013,11.53,11.77,11.5,11.57,1229900
TLF,29-Apr-2013,7.08,7.08,7.05,7.08,1400
TLT,29-Apr-2013,123.58,123.73,122.76,122.94,4915900
TNAV,29-Apr-2013,5.46,5.46,5.15,5.33,352000
TOPS,29-Apr-2013,2268,2310,2016,2170,18400
TORM,29-Apr-2013,12.14,12.14,11.5,11.96,600
TOWN,29-Apr-2013,14.18,14.24,14.06,14.09,15300
TQQQ,29-Apr-2013,15.6725,16.13,15.67,15.9475,1346600
TREE,29-Apr-2013,19.95,20.28,19.8,20.03,46800
TRIB,29-Apr-2013,15.9,15.9,15.57,15.8,37200
TRIP,29-Apr-2013,53.69,54,52.25,53.07,1898100
TRMB,29-Apr-2013,28.3,28.59,27.93,28.26,2172000
TRMK,29-Apr-2013,24.48,24.48,24.27,24.39,223500
TRNS,29-Apr-2013,6.89,7.19,6.52,7.05,38400
TROV,29-Apr-2013,6.02,6.1,5.84,5.97,62600
TROW,29-Apr-2013,71.47,71.81,70.93,71.48,2194000
TRS,29-Apr-2013,30.13,30.52,29.98,30.27,107900
TRST,29-Apr-2013,5.29,5.38,5.26,5.29,331600
TSBK,29-Apr-2013,8.06,8.28,8.06,8.24,3600
TSCO,29-Apr-2013,54.495,54.51,53.53,53.82,634500
TSEM,29-Apr-2013,6.4,6.47,6.35,6.47,24500
TSLA,29-Apr-2013,51.54,54.99,51.2,54.94,3639600
TSRI,29-Apr-2013,3.36,3.36,3.36,3.36,0
TSRO,29-Apr-2013,27.97,30.65,27.62,27.83,323500
TST,29-Apr-2013,1.94,1.94,1.88,1.93,28700
TTEC,29-Apr-2013,21.01,21.14,20.88,21.04,60500
TTEK,29-Apr-2013,25.81,26.11,25.77,26,269800
TTGT,29-Apr-2013,4.34,4.41,4.3,4.38,46200
TTMI,29-Apr-2013,6.97,7.09,6.95,7.01,161700
TTPH,29-Apr-2013,8.48,8.5,8.05,8.12,17700
TTS,29-Apr-2013,24.57,25.05,24.57,24.88,230000
TTWO,29-Apr-2013,15.63,15.75,15.41,15.46,570200
TUES,29-Apr-2013,8.25,8.27,8.12,8.21,197100
TWIN,29-Apr-2013,21.24,21.76,21.21,21.67,18400
TWMC,29-Apr-2013,4.3,4.41,4.29,4.4,38600
TXN,29-Apr-2013,35.86,36.1,35.68,35.97,5381700
TXRH,29-Apr-2013,21.22,21.49,21.04,21.32,1822200
TYPE,29-Apr-2013,22.8,22.91,22.61,22.83,266800
TZOO,29-Apr-2013,26.04,26.04,25.55,25.6,56000
UBCP,29-Apr-2013,7.16,7.25,7.16,7.25,4900
UBFO,29-Apr-2013,4.11,4.11,4.1,4.11,1100
UBNK,29-Apr-2013,14.61,14.82,14.61,14.69,38600
UBNT,29-Apr-2013,16.32,16.39,15.7,15.73,146100
UBOH,29-Apr-2013,11.75,12.22,11.75,12.1,2300
UBSH,29-Apr-2013,18.46,18.8,18.46,18.67,32100
UBSI,29-Apr-2013,25,25.08,24.8,24.94,271100
UCBA,29-Apr-2013,10.03,10.03,10,10.01,400
UCBI,29-Apr-2013,10.83,10.94,10.73,10.94,49900
UCFC,29-Apr-2013,4.25,4.26,4.18,4.25,37700
UCTT,29-Apr-2013,6.14,6.2,6.09,6.18,84700
UEIC,29-Apr-2013,21.75,22.1,21.36,21.59,33700
UEPS,29-Apr-2013,7.28,7.5,7.24,7.45,47200
UFCS,29-Apr-2013,29,29,27.58,27.8,34500
UFPI,29-Apr-2013,37.79,38.76,37.77,38.47,46400
UFPT,29-Apr-2013,19.16,19.46,19.16,19.44,6100
UG,29-Apr-2013,22.4,22.41,21.89,22.41,400
UHAL,29-Apr-2013,156.64,161.36,156.64,159.39,31300
UIHC,29-Apr-2013,5.75,5.79,5.65,5.72,51600
ULBI,29-Apr-2013,3.82,4.03,3.82,3.9,17400
ULTA,29-Apr-2013,85.85,87.83,85.85,86.72,990400
ULTI,29-Apr-2013,94.95,96.43,94.35,96.08,113900
UMBF,29-Apr-2013,49.74,50.16,49.37,50.11,105800
UMPQ,29-Apr-2013,12.03,12.17,11.99,12.12,362400
UNAM,29-Apr-2013,13.83,13.83,13.83,13.83,0
UNB,29-Apr-2013,21.2,21.2,21.17,21.2,3200
UNFI,29-Apr-2013,50.13,50.78,50.04,50.29,160300
UNTY,29-Apr-2013,7.14,7.14,7.14,7.14,1200
URBN,29-Apr-2013,41.47,41.93,41.26,41.35,1119800
USAK,29-Apr-2013,4.9,5.06,4.83,5.01,11700
USAP,29-Apr-2013,34.07,34.1,33.76,33.86,16100
USAT,29-Apr-2013,2.05,2.15,2.05,2.12,149300
USATP,29-Apr-2013,20.25,20.25,20.25,20.25,0
USCR,29-Apr-2013,15.97,16,15.81,15.97,19000
USEG,29-Apr-2013,10.2,10.5,10.2,10.5,81000
USLM,29-Apr-2013,47.5,47.5,45,46.37,43700
UTHR,29-Apr-2013,62.42,65.42,62.29,64.98,1262800
UTMD,29-Apr-2013,45.43,45.5,45.14,45.5,2200
UTSI,29-Apr-2013,2.78,2.81,2.78,2.79,60700
UVSP,29-Apr-2013,17.12,17.39,17.06,17.17,21800
VALU,29-Apr-2013,9.22,9.39,9.11,9.24,1100
VBFC,29-Apr-2013,32.8,35.68,32.64,32.64,1000
VCIT,29-Apr-2013,88.98,89.01,88.92,88.98,656700
VCLT,29-Apr-2013,93.62,93.68,93.15,93.22,77000
VCSH,29-Apr-2013,80.67,80.68,80.62,80.66,418100
VDSI,29-Apr-2013,8.43,8.67,8.35,8.64,94500
VECO,29-Apr-2013,37.11,38.05,37.06,37.31,395500
VGIT,29-Apr-2013,65.92,65.92,65.9,65.91,8800
VGLT,29-Apr-2013,76.71,76.78,76.57,76.6,7400
VGSH,29-Apr-2013,60.94,60.94,60.91,60.93,17900
VIA,29-Apr-2013,64.6,64.85,64.31,64.43,34100
VIAB,29-Apr-2013,63.67,64.27,63.56,63.65,4293800
VICL,29-Apr-2013,37.5,37.8,36.4,36.8,326700
VICR,29-Apr-2013,5.4,5.44,5.2,5.35,107100
VIRC,29-Apr-2013,2.01,2.07,2,2.02,12700
VIVO,29-Apr-2013,19.62,20.08,19.62,19.96,212900
VLGEA,29-Apr-2013,34.23,34.95,34.23,34.84,3800
VMBS,29-Apr-2013,52.32,52.39,52.32,52.39,34500
VNDA,29-Apr-2013,4.71,4.88,4.68,4.83,672300
VNET,29-Apr-2013,9.1,9.1,8.89,8.95,152200
VNQI,29-Apr-2013,60.86,61.08,60.61,61.08,90200
VOD,29-Apr-2013,30.49,30.8,30.46,30.59,8773500
VONE,29-Apr-2013,72.99,73.22,72.99,73.17,4900
VONG,29-Apr-2013,74.12,74.58,74.12,74.49,4700
VONV,29-Apr-2013,71.65,72.1,71.65,71.99,3500
VOXX,29-Apr-2013,9.7,9.85,9.61,9.68,87000
VRA,29-Apr-2013,22.28,22.65,22.21,22.53,200500
VRML,29-Apr-2013,1.21,1.3,1.17,1.28,96400
VRNT,29-Apr-2013,32.92,33.3,32.79,32.86,410700
VRSK,29-Apr-2013,59.96,60.5,59.71,60.49,674100
VRSN,29-Apr-2013,44.61,45.37,44.19,45.24,2715600
VRTS,29-Apr-2013,184.32,190.92,182.96,189.26,17200
VRTU,29-Apr-2013,21.9,22.35,21.9,22.05,124200
VRTX,29-Apr-2013,79,80.41,78.25,78.33,1892800
VSAT,29-Apr-2013,47.55,48.32,47.48,47.87,98700
VSEC,29-Apr-2013,14.375,15.03,14.375,15.01,33500
VSTM,29-Apr-2013,10.25,10.25,9.75,9.82,18200
VTHR,29-Apr-2013,73.3,73.3,73.3,73.3,100
VTIP,29-Apr-2013,50.16,50.16,50.11,50.13,84700
VTNR,29-Apr-2013,2.95,3.03,2.95,2.96,11600
VTWG,29-Apr-2013,77.06,77.61,77.06,77.3,3700
VTWO,29-Apr-2013,74.37,74.76,74.37,74.62,9600
VTWV,29-Apr-2013,71.75,71.94,71.75,71.94,1900
VVUS,29-Apr-2013,13.06,13.29,12.99,13.03,1629100
VXUS,29-Apr-2013,49,49.42,49,49.37,88500
WABC,29-Apr-2013,42.84,43.3,42.84,42.96,79300
WAFD,29-Apr-2013,17.06,17.07,16.88,16.94,325000
WAFDW,29-Apr-2013,3.8,3.8,3.8,3.8,0
WASH,29-Apr-2013,26.58,26.8,26.36,26.54,13400
WDAY,29-Apr-2013,61.65,64.29,61.32,63.34,1004000
WDC,29-Apr-2013,53.19,54.97,52.65,54.12,3477600
WDFC,29-Apr-2013,54.1,54.5,54.08,54.15,15500
WEBK,29-Apr-2013,16.4,16.4,16.15,16.15,1200
WEN,29-Apr-2013,5.69,5.73,5.66,5.68,2075800
WERN,29-Apr-2013,23.11,23.12,22.75,22.79,552800
WETF,29-Apr-2013,11.15,11.28,10.87,11.14,1982500
WEYS,29-Apr-2013,23.55,23.72,23.55,23.72,1900
WFBI,29-Apr-2013,11.15,11.16,11.15,11.15,2100
WHF,29-Apr-2013,15.57,15.75,15.56,15.74,54100
WHLR,29-Apr-2013,48.56,48.56,48,48.08,4200
WIFI,29-Apr-2013,6.25,6.3,6.15,6.17,34400
WILC,29-Apr-2013,6.87,6.9,6.75,6.9,13700
WIN,29-Apr-2013,8.48,8.51,8.42,8.49,4437100
WINA,29-Apr-2013,61.54,61.77,61.1,61.49,7400
WIRE,29-Apr-2013,32.43,32.8,32.34,32.62,38900
WLB,29-Apr-2013,11.65,12.09,11.65,12,281400
WLDN,29-Apr-2013,2.25,2.25,2.25,2.25,0
WLFC,29-Apr-2013,13.97,14.13,13.97,14.12,6300
WMGI,29-Apr-2013,23.12,23.8,22.98,23.61,256900
WMGIZ,29-Apr-2013,2.5,2.55,2.38,2.55,255800
WOOD,29-Apr-2013,49.28,49.28,48.93,49.08,37700
WPCS,29-Apr-2013,60.06,61.6,49.28,60.06,5900
WPRT,29-Apr-2013,29.98,30.14,29.22,30.02,696600
WRLD,29-Apr-2013,87.18,87.79,86.55,87,112000
WRLS,29-Apr-2013,12.55,12.71,12.55,12.67,5439900
WSBC,29-Apr-2013,24.42,24.84,24.42,24.75,30300
WSBF,29-Apr-2013,7.76,7.99,7.76,7.99,8000
WSCI,29-Apr-2013,5.04,5.04,5.01,5.02,5000
WSFS,29-Apr-2013,16.21,16.5,16.21,16.33,16500
WSTG,29-Apr-2013,12.01,12.2,11.99,12.18,11000
WSTL,29-Apr-2013,8,8.08,7.8,8,129000
WTBA,29-Apr-2013,11.11,11.11,10.75,10.81,3500
WTFC,29-Apr-2013,35.75,36.11,35.71,36.07,233700
WTFCW,29-Apr-2013,15.99,15.99,15.99,15.99,300
WVFC,29-Apr-2013,11.59,11.6,11.55,11.55,600
WVVI,29-Apr-2013,4.27,4.31,4.27,4.31,1100
WWD,29-Apr-2013,35.2,35.64,35.17,35.52,473400
WYNN,29-Apr-2013,135.96,136.51,133.44,135.8,1224500
XBKS,29-Apr-2013,5.3,5.44,5.25,5.4,7300
XLNX,29-Apr-2013,37.43,37.81,37.3,37.69,2851300
XOMA,29-Apr-2013,70,70,67.8,69.8,409400
XONE,29-Apr-2013,36.25,37.87,35.84,36.69,338700
XPLR,29-Apr-2013,3.61,3.85,3.5,3.6,8600
XRAY,29-Apr-2013,41.72,42.25,41.5,42.2,507300
YNDX,29-Apr-2013,25,25.83,24.94,25.76,2173800
YORW,29-Apr-2013,18.4,18.52,18.27,18.33,13600
YRCW,29-Apr-2013,7.29,7.37,7.22,7.32,36100
YY,29-Apr-2013,17.39,18.18,17.39,17.73,343000
Z,29-Apr-2013,56.3,56.35,53.68,55.86,961900
ZAGG,29-Apr-2013,6.85,6.9,6.65,6.69,639300
ZBRA,29-Apr-2013,45.94,46.65,45.08,46.2,70500
ZEUS,29-Apr-2013,19.95,20.41,19.76,20.16,27800
ZGNX,29-Apr-2013,13.52,13.68,12.88,13.6,421900
ZION,29-Apr-2013,24.28,24.67,24.28,24.5,1494600
ZIONW,29-Apr-2013,3.98,4.03,3.85,3.87,17500
ZIOP,29-Apr-2013,1.84,1.89,1.76,1.79,770300
ZIXI,29-Apr-2013,3.69,3.74,3.66,3.67,357600
ZN,29-Apr-2013,1.3,1.31,1.28,1.28,28900
ZNGA,29-Apr-2013,3.38,3.41,3.22,3.27,22175300
ZUMZ,29-Apr-2013,28.63,29.2,28.57,28.8,220300
